<author lang="en">
  <documents>
    <document><![CDATA[Joe Biden Wants To Destroy Free Speech on Social Media #URL#]]></document>
    <document><![CDATA[Dog Holds His New Dad’s Arm On His Way Home, Refuses To Let Go #URL#]]></document>
    <document><![CDATA[Others Said He Was Beyond Saving So Let Him Die Alone, They Didn’t Listen #URL#]]></document>
    <document><![CDATA[Local HeartBurn Study w/ Comp #URL#]]></document>
    <document><![CDATA[Watch NBC &amp; ABC Beg Democrat Senator to Pressure GOP On Impeachment]]></document>
    <document><![CDATA[Whistleblower Plotted Trump Removal 2 Years Before Ukraine Phone Call #URL#]]></document>
    <document><![CDATA[Scheduled To Be Euthanized The Next Day, Vet Tried ‘One Last Thing’ To Save Dog’s Life #URL#]]></document>
    <document><![CDATA[New Plasma Donors Earn up to $450 this month! #URL#]]></document>
    <document><![CDATA[BREAKING: New Documents Show Democrat Adam Schiff Mischaracterized Evidence In Impeachment, Report Suggests #URL#]]></document>
    <document><![CDATA[Hulk Hogan reflects on his first WWE Title win 35 years later #URL#]]></document>
    <document><![CDATA[Here's Everything You Need to Know About The Coronavirus Spreading From China #URL#]]></document>
    <document><![CDATA[ICE Turns Up the Heat on NYC: This Is a Demand, Not a Request #URL#]]></document>
    <document><![CDATA[I have to see my primary doctor or I can't get a referral for my app.for tomorrow.changing doctor next month!]]></document>
    <document><![CDATA[‘Don’t Look Away,’ He Begged As The Tumor Grew Bigger &amp; His Dad Paid Him No Mind #URL#]]></document>
    <document><![CDATA[Superman (Comparison: Theatrical Version - Extended Edition) - #URL# #URL#]]></document>
    <document><![CDATA[The Flash Movie Rumored To Feature A Female Reverse-Flash #URL#]]></document>
    <document><![CDATA[Breaking “Doomsday Clock Only 100 Seconds To Midnight” #URL#]]></document>
    <document><![CDATA[Every One Was Told “Not To Touch” This Cat, One Man Didn’t Listen #URL#]]></document>
    <document><![CDATA[Virginia Sheriff Says Proposed Gun Control Laws 'Will Not Be Enforced' #URL#]]></document>
    <document><![CDATA[Flashpoint: Reverse Flash Rumored To Be Female #URL#]]></document>
    <document><![CDATA[Aaron Rodgers Rips Christianity and Religion in Podcast Interview #URL#]]></document>
    <document><![CDATA[Bannon calls for 'full' investigation into Pelosi and Schiff's impeachment 'farce' #URL#]]></document>
    <document><![CDATA[Blind, Deaf Dog Comforts Every Foster Animal Who Comes Through His Home #URL#]]></document>
    <document><![CDATA[Puerto Rican Politicians hid Aid To make Trump Look Bad #URL#]]></document>
    <document><![CDATA[He Chained Her To A Wall And She Slept Next To A Gas Canister For 8-Years #URL#]]></document>
    <document><![CDATA[Despicable Man Shoots Dog In The Face For Being “Too Happy” #URL#]]></document>
    <document><![CDATA[BREAKING: DOJ Says Comey Did NOT Have Probable Cause to Start Trump Investigation #URL#]]></document>
    <document><![CDATA[Giuliani: ‘I’d Love to Be a Witness’ in Impeachment Trial — Would Expose Biden's Corruption in Ukraine #URL#]]></document>
    <document><![CDATA[Joe Biden’s Brother Linked to Projects Receiving $54,000,000 in Taxpayer Loans from Obama Admin #URL#]]></document>
    <document><![CDATA[Mark Levin Delivers His Opening Statement on Impeachment to Senate]]></document>
    <document><![CDATA[Ozzy Osbourne Diagnosed With Parkinson's Disease #URL#]]></document>
    <document><![CDATA[Keanu Reeves Says He'll Make As Many John Wick Movies As Fans Want #URL#]]></document>
    <document><![CDATA[She Chased After Her Dad For Miles, Collapsed On The Sidewalk In Defeat #URL#]]></document>
    <document><![CDATA[Everything You Need To Know About Space 220 Restaurant Opening in Disney World #URL#]]></document>
    <document><![CDATA[Biden Walks Back: 'If You Like Your Private Insurance, You Can Keep It' #URL#]]></document>
    <document><![CDATA[Nigerian pastor who praised God in ransom video beheaded after refusing to deny Christ #URL#]]></document>
    <document><![CDATA[Trump Was Right! Warehouse in Puerto Rico Discovered this week FILLED with US Survival Aid for Hurricane Maria (VID… #URL#]]></document>
    <document><![CDATA[BREAKING: Documents Show Schiff May Have Mischaracterized Evidence #URL#]]></document>
    <document><![CDATA[Eisenhower warns us of the military industrial complex. #URL#]]></document>
    <document><![CDATA[Jay Sekulow fires back at Dem lawmakers, 'let me give you some facts' #URL#]]></document>
    <document><![CDATA[Doomsday Clock is now 100 seconds from midnight #URL#]]></document>
    <document><![CDATA[Puppy Hugs And Comforts His Dying Sister During Her Battle With Parvo #URL#]]></document>
    <document><![CDATA[Disney is Hosting a "Star Wars" After Hours Event with Exclusive Entertainment! #URL#]]></document>
    <document><![CDATA[Report: Did Adam Schiff Out Himself as Leaker to Washington Post? #URL#]]></document>
    <document><![CDATA[Breaking “Sea Foam Submerged Spanish Town” Apocalyptic Sign #URL#]]></document>
    <document><![CDATA[Might as well get a hair cut after i leave #URL#'s right across from here..]]></document>
    <document><![CDATA[MSM Does NOT Want You to Hear What This Black Man Said at the Rally! #URL#]]></document>
    <document><![CDATA[Trump Slams Virginia Gun Grab: 'It Will Never Happen as Long as I’m Here' #URL#]]></document>
    <document><![CDATA[Pelosi Steals Closer To $5 Billion From Social Security To Pay For Impeachment - Not $2.4 Billion #URL#]]></document>
    <document><![CDATA[Warning: Gang Of Known Criminals Holds Meeting To Discuss How Much Of Your Money To Steal #URL#]]></document>
    <document><![CDATA[Nations on edge as "China Virus" continues to spread #URL#]]></document>
    <document><![CDATA[BOMBSHELL: Paul Pelosi, Nancy's Son, Under Scrutiny For Shady Dealings In Ukraine #URL#]]></document>
    <document><![CDATA[Pennsylvania Passed A New Law That Makes It Illegal To Leave Your Dog Outside In Cold Weather #URL#]]></document>
    <document><![CDATA[Joker Sequel Will Reportedly Introduce The Real Joker #URL#]]></document>
    <document><![CDATA[Muslim refugees to the British people “we do not accept British laws, you adopt our Sharia Laws” #URL#]]></document>
    <document><![CDATA[Breaking “Alaska 6.2 Powerful Quake Shakes The Tanaga Volcano” #URL#]]></document>
    <document><![CDATA[Hateful Owner Tired Of His Epileptic Cat Hung Her With Wire #URL#]]></document>
    <document><![CDATA[JOE BIDEN CAMPAIGN: Threatens journalists to deny corruption in Ukraine, argues malpractice]]></document>
    <document><![CDATA[Trump Legal Team Silences Jerry Nadler: 'You're Not In Charge Here' #URL#]]></document>
    <document><![CDATA[Police Responding to Man Having a Seizure, Shoot and Kill His Service Dog #URL#]]></document>
    <document><![CDATA[Texas students will have to learn cursive again starting this fall #URL#]]></document>
    <document><![CDATA[Aborted Babies Used in Foods and Legally Labeled as “Artificial Flavors” or “Natural Flavors” #URL#]]></document>
    <document><![CDATA[Trump On Bernie: 'Hillary Says Nobody Likes Him? Nobody Likes Her and That's Why She Lost!' #URL#]]></document>
    <document><![CDATA[Tyler Hoechlin - Not My Superman (The S Files) - Superman Homepage #URL#]]></document>
    <document><![CDATA[Collins on Dem arguments: A rehash of tall tales, lies, and dishonesty #URL#]]></document>
    <document><![CDATA[Three volcanoes erupted around the world in 5 days #URL#]]></document>
    <document><![CDATA[Schiff Lets It Slip: If GOP Calls These Witnesses, Impeachment Will Implode #URL#]]></document>
    <document><![CDATA[Superman Brandon Routh Series Rumored Again #URL#]]></document>
    <document><![CDATA[Woman Leaves Dead Dogs In Wire Kennels At Grandmother's Home #URL#]]></document>
    <document><![CDATA[Astrophysicist Says He Knows How To Build A Time Machine #URL#]]></document>
    <document><![CDATA[Universal Confirms Super Nintendo World Coming to New Park in 2023 #URL#]]></document>
    <document><![CDATA[Barack Obama's Brother Endorses Donald Trump for President...Again #URL#]]></document>
    <document><![CDATA[DC Comics May Be Introducing A Black Batman Soon #URL#]]></document>
    <document><![CDATA[Fire Department Warns of Viral TikTok 'Outlet Challenge']]></document>
    <document><![CDATA[Blade Will Reportedly Join The Avengers In The MCU's Phase 5 #URL#]]></document>
    <document><![CDATA[Lou Dobbs: How can any Christian with any conscience ever vote for a Democrat again? - Politico Daily News #URL#]]></document>
    <document><![CDATA[Thousands of Muslims Scream Battle-Cry on Temple Mount #URL#]]></document>
    <document><![CDATA[White House Lawyers Eviscerate That Irritating Little Pencil Neck Creep]]></document>
    <document><![CDATA[Teen And Cow Lose At State Fair, Take A Nap Together And Win Hearts Of Millions Instead #URL#]]></document>
    <document><![CDATA[Dog hides in the corner and shakes at busy Texas shelter #URL#]]></document>
    <document><![CDATA[Boy Runs To Give His Jacket To Cover Freezing Dog Mercilessly Chained In Rain #URL#]]></document>
    <document><![CDATA[IMPEACHMENT TRIAL BEGINS IN SENATE: Adam Schiff caught in lie about Trump, Ukraine meeting]]></document>
    <document><![CDATA[Owner Dumps Dog In Sewer &amp; Glues Her Eyes Shut To Stop Her From Returning Home #URL#]]></document>
    <document><![CDATA[Moon Knight Gets The Witcher Writer #URL#]]></document>
    <document><![CDATA[Driver Hits Woman Walking Her 2 Dogs, Dogs Die Instantly &amp; Woman Critically Hurt #URL#]]></document>
    <document><![CDATA[FBI: Hundreds of Bureau Agents Took Bribes from CNN, NY Times, NBC News and More; Wray Looks the Other Way to Prote… #URL#]]></document>
    <document><![CDATA[Getting mad in waiting room for a hour already]]></document>
    <document><![CDATA[Watch New Trump Ad: The Best Is Yet To Come]]></document>
    <document><![CDATA[3.8 magnitude earthquake hits near Tennessee-Kentucky border #URL#]]></document>
    <document><![CDATA[Woman Frustrated With Loose dogs Shoots At Neighbor’s Puppies #URL#]]></document>
    <document><![CDATA[Ron Paul on the Slippery Slope of Mandated Vaccination #URL#]]></document>
    <document><![CDATA[When is Rise of the Resistance Getting FastPass? Here's What Disney Says #URL#]]></document>
    <document><![CDATA[Almost a hour and a half waiting!!! — feeling pissed]]></document>
    <document><![CDATA[Chinese food market is selling live KOALAS for locals to eat #URL#]]></document>
    <document><![CDATA[God has protected me more times than I can count #URL#]]></document>
    <document><![CDATA[Thousands Take to the Streets in Virginia for Gun Rights Rally #URL#]]></document>
    <document><![CDATA[People Who Talk To Their Pets Are Smarter Than Those Who Don’t #URL#]]></document>
    <document><![CDATA[Brandon Routh Might Be Getting His Own Superman TV Show #URL#]]></document>
    <document><![CDATA[J.J. Abrams Developing Justice League Dark Movie and TV Projects #URL#]]></document>
    <document><![CDATA[LA Public School Teaching Kids "Allah is the One True God" #URL#]]></document>
  </documents>
</author>
