<author lang="en">
  <documents>
    <document><![CDATA[Snoop Dogg -- I'm Not Disappointed In Cordell ... We'll Talk Though (VIDEO)  #URL#]]></document>
    <document><![CDATA[8 Emotional Olympic Moments That Probably Made You Grab a Tissue #URL#]]></document>
    <document><![CDATA[Team Israel -- Slams Team Lebanon ... 'Hostile and Anti-Semitic Behavior' #URL#]]></document>
    <document><![CDATA[Prince's Brother -- Don't Kick Me Out of My House! #URL#]]></document>
    <document><![CDATA[Sarah Michelle Gellar Praises ''Brave'' Friend Shannen Doherty During Her Breast Cancer Battle #URL#]]></document>
    <document><![CDATA['NSYNC -- Timberlake and Crew Celebrate JC's 40th Birthday (VIDEOS + PHOTO) #URL#]]></document>
    <document><![CDATA[Sylvester Stallone's Daughter Sistine Stallone Named an It Girl on Town &amp; Country's Annual "Modern Swans" List #URL#]]></document>
    <document><![CDATA[Luann de Lesseps' Wedding Guest List Revealed: Find Out Which Real Housewives Made the Cut #URL#]]></document>
    <document><![CDATA[Tim Tebow -- Mariners Minor League Team Wants Meeting #URL#]]></document>
    <document><![CDATA[Tom Sizemore -- Dropped From USA's 'Shooter' ... DV Arrest the Last Straw #URL#]]></document>
    <document><![CDATA[Jim Carrey -- I'm Super Impressed with My Doppelganger!!! (VIDEO + PHOTO) #URL#]]></document>
    <document><![CDATA[Bobby Lashley -- I'm Ready to Fight Again ... Bring On Fedor!!! (VIDEO)  #URL#]]></document>
    <document><![CDATA['Bachelor in Paradise' Star Lace Morris -- It's All in the Wrist (PHOTO) #URL#]]></document>
    <document><![CDATA[Taraji P. Henson Teases Empire Cliffhanger Resolution, Mariah Carey's Guest Appearance and More #URL#]]></document>
    <document><![CDATA[Team USA Soccer Star Alex Morgan Takes the E!Q in 42: 9 Things to Know About the Olympic Gold Medalist #URL#]]></document>
    <document><![CDATA[Ryan Lochte ''Is Not Looking for a Relationship'' During Olympics, but Has Been Hanging Out With Playboy Playmate #URL#]]></document>
    <document><![CDATA[Austin Rivers -- TREAT. YO. SELF. ... Buys $300k Ferrari After $35 Mil Contract (PHOTOS) #URL#]]></document>
    <document><![CDATA[Scandal Fan Mariah Carey Reveals If She's Team Fitz or Team Jake! #URL#]]></document>
    <document><![CDATA[Oxygen's Strut Is Coming to Break Down Barriers and Throw Shade #URL#]]></document>
    <document><![CDATA[Ryan Lochte -- Chillin' with Playboy Model Girlfriend ... In Rio (PHOTO) #URL#]]></document>
    <document><![CDATA['N Sync Reunites for JC Chasez's 40th Birthday #URL#]]></document>
    <document><![CDATA[Holly Madison Gives Birth for the Second Time: 6 Bits of Her Best Pregnancy Advice #URL#]]></document>
    <document><![CDATA[The New Luke Cage Trailer Is Here and Sweet Christmas it Is Epic #URL#]]></document>
    <document><![CDATA[Richard Sherman's Dad -- I'm Proud My Son Said 'All Lives Matter' ... And I Agree With Him (VIDEO) #URL#]]></document>
    <document><![CDATA[Usain Bolt -- Rio Is The Breast!!! (PHOTO) #URL#]]></document>
    <document><![CDATA[You Can Exhale, The Rocky Horror Picture Show Remake Has Tim Curry's Blessing #URL#]]></document>
    <document><![CDATA[Kim Kardashian Worries About Catching Zika Virus During Cuba Trip: ''I Wonder If There's Like a Test We Can Get?'' #URL#]]></document>
    <document><![CDATA[Kenny Lofton -- Blasts A-Rod ... HALL OF FAME'S NOT FOR CHEATERS! (VIDEO) #URL#]]></document>
    <document><![CDATA[Kylie Jenner Reveals What She Really Thought of Blac Chyna's Emoji Slap Diss #URL#]]></document>
    <document><![CDATA[Watch The Late Bloomer Trailer With Brittany Snow and Johnny Simmons #URL#]]></document>
    <document><![CDATA[Bachelor in Paradise Recap: Love Triangles, Sexy Times, and the Return of Nick Viall vs. Josh Murray #URL#]]></document>
    <document><![CDATA[How to Host a Backyard BBQ, the Gwyneth Paltrow Way #URL#]]></document>
    <document><![CDATA[See Madison Beer's Shocked Reaction When Hollywood Medium's Tyler Henry Connects Her to a Loved One Who Passed Awa… #URL#]]></document>
    <document><![CDATA[Ivanka Trump Sets the Record Straight on Whether She'd Get Into Politics #URL#]]></document>
    <document><![CDATA[Gary Sheffield -- Here's My Full Tebow Scouting Report ...  #URL#]]></document>
    <document><![CDATA[OMG! Watch Terry Dubrow Sign Paul Nassif Up for Tinder in This Hilarious Botched By Nature Clip #URL#]]></document>
    <document><![CDATA[Gary Sheffield -- I Worked with Tim Tebow ... He's Got MLB Talent!  #URL#]]></document>
    <document><![CDATA[Miranda Kerr Dishes on One of the Best Gifts She's Ever Received From Her Fiancé Evan Spiegel #URL#]]></document>
    <document><![CDATA[Taran Killam and Jay Pharoah Won't Be Back on Saturday Night Live #URL#]]></document>
    <document><![CDATA[Why So Serious? Michael Phelps' Game Face Is the Stuff of Meme Dreams #URL#]]></document>
    <document><![CDATA[The X-Files Season 11 Update: Fox Bosses Promise "Significant Talks" Are Happening #URL#]]></document>
    <document><![CDATA[Amber Heard -- I Have Medical Proof Johnny Abused Me Before #URL#]]></document>
    <document><![CDATA[Paulina Gretzky Slams Internet Critics in Defense of Dustin Johnson Missing the Olympics #URL#]]></document>
    <document><![CDATA['Stranger Things' -- Show Triggers Retro Pudding Resurgence  #URL#]]></document>
    <document><![CDATA[Amber Heard -- I Did Not Refuse to Sit for My Deposition #URL#]]></document>
    <document><![CDATA[Hillary Clinton -- Orlando Shooter's Father Shows Up at Rally (VIDEO) #URL#]]></document>
    <document><![CDATA[Josh Duhamel Accidentally Got High on the Set of Spaceman: "Nobody Told Me It Was Real Weed" #URL#]]></document>
    <document><![CDATA[Tim Tebow -- Gunning for Baseball Career ... Holding Workout for MLB Teams  #URL#]]></document>
    <document><![CDATA[Amber Heard Hasn't Been Deposed by Johnny Depp's Attorneys as Court Hearing Approaches #URL#]]></document>
    <document><![CDATA[Jordan Rodgers' New Sports Gig Has Nothing to Do With His Bachelorette Fame, Says ESPN Vice President #URL#]]></document>
    <document><![CDATA[Mark-Paul Gosselaar Is Unrecognizable in Pitch--And That's the Point #URL#]]></document>
    <document><![CDATA[Thai Weightlifter's Grandmother Dies While Watching Him Win Bronze Medal at Viewing Party #URL#]]></document>
    <document><![CDATA[Michael Phelps vs. Eli Manning -- Who'd You Rather? (Mean Mugs Edition) #URL#]]></document>
    <document><![CDATA[Alessia Cara Reveals Hair Loss Struggle: "Why Am I So Young and Having to Deal With This?" #URL#]]></document>
    <document><![CDATA[Israel, Lebanon Bus Incident -- Olympic Committee Investigates ... 'Consider Matter Closed'  #URL#]]></document>
    <document><![CDATA[Meet Priti, Maluma's Adorable New Puppy From His Fans in Argentina #URL#]]></document>
    <document><![CDATA[The Rock -- 'Fast &amp; Furious' Actors Enraged Over Smack Talk   #URL#]]></document>
    <document><![CDATA[Lea Michele Says Goodbye to Her Mustache on Snapchat #URL#]]></document>
    <document><![CDATA[Tom Hiddleston Joins Instagram, But He Isn't Following Taylor Swift...Yet #URL#]]></document>
    <document><![CDATA[Gina Rodriguez Opens Up About Living With Hashimoto's Disease: "It Actually Became My Biggest Blessing" #URL#]]></document>
    <document><![CDATA[Anne Hathaway Shares Empowering Message About Post-Baby Weight Loss #URL#]]></document>
    <document><![CDATA[Guess Who This Mini Olympian Turned Into #URL#]]></document>
    <document><![CDATA['RHOA' Star Porsha Williams -- Collapses in Mall Parking Lot ... Rushed to Hospital #URL#]]></document>
    <document><![CDATA[5 Things to Know About Team USA Soccer Star Carli Lloyd #URL#]]></document>
    <document><![CDATA[How Mark Consuelos and Kelly Ripa Make It Work While Working on Different Coasts #URL#]]></document>
    <document><![CDATA[Kanye West Breaks Michael Jackson's Top 40 Hits Record: How the King of Pop Influenced Him #URL#]]></document>
    <document><![CDATA[Bachelor in Paradise Stars Reveal Chad Johnson's Behavior Was Even "Worse" Than What ABC Aired #URL#]]></document>
    <document><![CDATA[Dwayne "The Rock" Johnson Slams ''Chicken S--t'' Fast 8 Male Co-Stars #URL#]]></document>
    <document><![CDATA[Seth Rogen Is ''Sympathetic'' if Katherine Heigl Didn't Like Knocked Up: The Birth of a Controversy Blown Out of P… #URL#]]></document>
    <document><![CDATA[Olympic Fencer Miles Chamley-Watson Has No Time for Romance or Carbs: "My Girlfriend Right Now Is the Olympics" #URL#]]></document>
    <document><![CDATA[Adriana Lima Plays "Would You Rather," Rio Olympics Edition! #URL#]]></document>
    <document><![CDATA[Uzo Aduba Talks Self-Acceptance in Essence: "I Am Enough" #URL#]]></document>
    <document><![CDATA[Molly Sims Is Pregnant, Expecting 3rd Child With Husband Scott Stuber #URL#]]></document>
    <document><![CDATA[Alessandra Ambrosio Teaches Zuri Hall Portuguese--and Plays "Would You Rather, Rio Style" #URL#]]></document>
    <document><![CDATA['RHOA' Cynthia Bailey -- I'm Done with My Home AND My Marriage (PHOTO GALLERY)  #URL#]]></document>
    <document><![CDATA[Stranger Things' Winona Ryder Talks Anxiety and Depression: ''I'm Sick of People Shaming Women'' #URL#]]></document>
    <document><![CDATA[TMZ Live: Amber Heard: Evidence Proves Johnny Beat Me! #URL#]]></document>
    <document><![CDATA[Johnny Depp -- Slew of Witnesses in Amber Heard Trial ... And Secret Photo #URL#]]></document>
    <document><![CDATA[Is Sansa Stark Going to Betray Jon Snow in Game of Thrones Season 7? #URL#]]></document>
    <document><![CDATA[Ric Flair -- Breaks Huddle at ATL Falcons Practice ... WOOOOO!!! (VIDEO)  #URL#]]></document>
    <document><![CDATA[Adele Is a Fan of Keeping Up With the Kardashians: Watch to Find Out What the Singer Just Said About the E! Show #URL#]]></document>
    <document><![CDATA[Beastie Boys' Mike D -- I Can't Catch a Wave, Now Go Catch the Surfboard Thief #URL#]]></document>
    <document><![CDATA[Holly Madison Gives Birth to Baby No. 2 #URL#]]></document>
    <document><![CDATA[Donald Trump -- Crying Baby's Mom Calls BS on Critics (VIDEO + PHOTO) #URL#]]></document>
    <document><![CDATA[Another Saturday Night Live Cast Member Is Leaving the Show Ahead of Season 42 #URL#]]></document>
    <document><![CDATA[Taran Killam on His Surprising Exit From Saturday Night Live: "I Was Never Given a Reason Why" #URL#]]></document>
    <document><![CDATA[Decoding Orlando Bloom's Naked Pictures: What Was He Doing, Really? #URL#]]></document>
    <document><![CDATA[Alien Miley Cyrus Is "Out to Destroy" Blake Shelton and Adam Levine in The Voice's New Season 11 Promo #URL#]]></document>
    <document><![CDATA[American Horror Story Season 6 Theme Mystery: Why FX Is Keeping You Guessing About the Show #URL#]]></document>
    <document><![CDATA[Sergey Kovalev -- I Want Putin In My Corner ... For Andre Ward Fight! (VIDEO) #URL#]]></document>
    <document><![CDATA[Kourtney Kardashian Says Co-Parenting With Scott Disick Is "Really Easy" #URL#]]></document>
    <document><![CDATA[Zac Efron -- Normal Girls Need Love Too (VIDEO) #URL#]]></document>
    <document><![CDATA[Christie Brinkley and John Mellencamp Break Up #URL#]]></document>
    <document><![CDATA[Lea Michele and John Stamos Grill Taylor Lautner About Taylor Swift #URL#]]></document>
    <document><![CDATA[Rihanna Reacts to Her Face in a Snapchat Filter: "I Look White" #URL#]]></document>
    <document><![CDATA[Chad Johnson -- I Didn't S*** My Pants (VIDEO) #URL#]]></document>
    <document><![CDATA[Racer Bryan Clauson Dies at 27 After Car Crash #URL#]]></document>
    <document><![CDATA[Doc Rivers -- Austin's New $300k Ferrari ... 'Fine With Me!' (VIDEO) #URL#]]></document>
    <document><![CDATA[E! News' Lifestyle Correspondent for the 2016 Rio Olympics Camila Alves Celebrates the Summer Games With Tasty Bra… #URL#]]></document>
    <document><![CDATA[The Rock -- Blasts 'Fast &amp; Furious' Co-Stars ... 'Unprofessional Candy Asses'  #URL#]]></document>
  </documents>
</author>
