<author lang="en">
  <documents>
    <document><![CDATA[Check out my Gig on Fiverr: skyrocket your website ranking to google first page guaranteed #URL#]]></document>
    <document><![CDATA[I just posted "What is the future of SEO according to you?" on Reddit  #URL#]]></document>
    <document><![CDATA[Inside the Backstreet Boys’ Epic Spice Girls Transformation &amp; What It Means for Joint Tour Hopes! (Exclusive) #URL#]]></document>
    <document><![CDATA[My answer to Is there any way to find the list of top 500 most searched keywords on Google? #URL#]]></document>
    <document><![CDATA[Check out my Gig on Fiverr: do fast viral organic youtube promotion video SEO #URL#]]></document>
    <document><![CDATA[‘L&amp;HH’ Star Teairra Mari Suing 50 Cent &amp; Ex-BF for Revenge Porn #URL#]]></document>
    <document><![CDATA[A$AP Bari Arrested in London for Sexual Assault #URL# #URL#]]></document>
    <document><![CDATA[Setup SEO for your new website with Seoboosterx. We are provided professional SEO services at the best price. For M… #URL#]]></document>
    <document><![CDATA[Viral Youtube Video Promotion #URL# via #USER#]]></document>
    <document><![CDATA[Check it out! I will rank organically to google first page guaranteed for $10 on #HASHTAG# #URL#]]></document>
    <document><![CDATA[NY Giants Sign Player from Rapper Jim Jones’ American Arena League Team #URL# #URL#]]></document>
    <document><![CDATA[I just posted "What is the future of SEO according to you?" on Reddit  #URL#]]></document>
    <document><![CDATA[Rank your website with our Prenium services now #URL#]]></document>
    <document><![CDATA[Scott Baio Sexual Assault Case Presented to District Attorney #URL# #URL#]]></document>
    <document><![CDATA[Check it out! seoranking01 will rank your youtube video to first page guar... for $10 on #HASHTAG# #URL#]]></document>
    <document><![CDATA[#USER# Rank On Google first page Guaranteed within few months  #URL#]]></document>
    <document><![CDATA[#USER# This is another issues entirely expect from the first one . No work have been done so far  For the past 2 w… #URL#]]></document>
    <document><![CDATA[I just posted "WHAT IS SEO?" on Reddit  #URL#]]></document>
    <document><![CDATA[BTS Answers Fans’ Questions — and Reveals One of the ‘Best Songs’ on Their New Album! #URL#]]></document>
    <document><![CDATA[Bow Wow Defends Lil Tay Over Poser IG Videos #URL# #URL#]]></document>
    <document><![CDATA[Well they Blocked her account and money is still in the account #URL#]]></document>
    <document><![CDATA[BEST SEO SERVICE  #URL#  #HASHTAG# #HASHTAG# #HASHTAG# #HASHTAG# #HASHTAG#… #URL#]]></document>
    <document><![CDATA[#USER# Websites and videos WITHOUT traffic mean NOTHING! That's why you have to boost your website ranking and… #URL#]]></document>
    <document><![CDATA[SEOBOOSTERX Rank Higher On Google First Page! Buy SEO Link Building Backlinks Service #URL#]]></document>
    <document><![CDATA[Rank On Google first page and bring sells to your product, affiliate network e.t.c #URL#  #HASHTAG#… #URL#]]></document>
    <document><![CDATA[Check out my Gig on Fiverr: guarantee SEO first page google ranking #URL#]]></document>
    <document><![CDATA[Check it out! seoboosterx will do viral youtube  promotion professionally for $5 on #HASHTAG# #URL#]]></document>
    <document><![CDATA[#URL# #HASHTAG# #HASHTAG# #HASHTAG# #HASHTAG# #HASHTAG# #HASHTAG# #HASHTAG#… #URL#]]></document>
    <document><![CDATA[#USER# #USER#  Kindly Check well , we are ranking Try Buy SEO services online]]></document>
    <document><![CDATA[Check out my Gig on Fiverr: guarantee SEO first page google ranking #URL#]]></document>
    <document><![CDATA[#HASHTAG# #HASHTAG# #HASHTAG# #HASHTAG# #HASHTAG# #HASHTAG##HASHTAG# #HASHTAG# #HASHTAG# #HASHTAG# #HASHTAG#… #URL#]]></document>
    <document><![CDATA[Anderson .Paak Says Meek Mill Missed Big Chance with President Trump #URL# #URL#]]></document>
    <document><![CDATA[SEO #HASHTAG# #HASHTAG# #HASHTAG# #HASHTAG# #HASHTAG# #HASHTAG# #HASHTAG# #HASHTAG# #HASHTAG#  #URL#]]></document>
    <document><![CDATA[If you have a website (I hope you do) displaying your musical wares, you want it to rank high in a Google search. B… #URL#]]></document>
    <document><![CDATA[Royal Wedding Details Revealed In Official Order of Service — Including Schedule, Vows and Music Choices! #URL#]]></document>
    <document><![CDATA[Teairra Mari’s Ex Swears He Didn’t Leak Sex Tape, Plans To Countersue #URL# #URL#]]></document>
    <document><![CDATA[Jack Osbourne’s Wife Lisa Files for Divorce After 5 Years of Marriage #URL#]]></document>
    <document><![CDATA[Chrissy Teigen Shares Sweet Details About Second Child With John Legend #URL#]]></document>
    <document><![CDATA[#USER# Websites and videos WITHOUT traffic mean NOTHING! That's why you have to boost your website ranking a… #URL#]]></document>
    <document><![CDATA[SEO WILL IMPROVE YOUR WEBSITE  As you may already know, search engine optimization has become crucial for your webs… #URL#]]></document>
    <document><![CDATA[Steps to Getting Started in Social Media Marketing #URL# For more details  #HASHTAG#… #URL#]]></document>
    <document><![CDATA[Rank On Google first page and bring sells to your product, affiliate network e.t.c #URL#  #HASHTAG#… #URL#]]></document>
    <document><![CDATA[Youtube as the second most visited site on the internet, gives you unfettered access to people all around the globe… #URL#]]></document>
    <document><![CDATA[#USER# Am totally disappointed with this kind of issue . There support is worst until they solve my issues and ret… #URL#]]></document>
    <document><![CDATA[Meghan Markle’s TV Husband Patrick J. Adams Sends Sweet Message Ahead of Royal Wedding Day #URL#]]></document>
    <document><![CDATA[Prince Harry Receives New Title From the Queen Ahead of Royal Wedding Day #URL#]]></document>
    <document><![CDATA[Check it out! I will rank on google first page guaranteed in 3 weeks for $5 on #HASHTAG# #URL#]]></document>
    <document><![CDATA[#USER# Rank On Google first page Guaranteed within few months  #URL#]]></document>
    <document><![CDATA[Websites and videos WITHOUT traffic mean NOTHING! That's why you have to boost your website ranking and Gain More m… #URL#]]></document>
    <document><![CDATA[Answer to What are the main Google SEO ranking factors in 2016? by Mistress Me #URL#]]></document>
    <document><![CDATA[#USER# #USER# Rank On Google first page Guaranteed within few months  #URL#]]></document>
    <document><![CDATA[‘Suits’ Stars Recall When They First Found Out Meghan Markle Was With Prince Harry #URL#]]></document>
    <document><![CDATA[#USER# Websites and videos WITHOUT traffic mean NOTHING! That's why you have to boost your website ranking a… #URL#]]></document>
    <document><![CDATA[NY Jets’ Robby Anderson Wins Cop Fighting Case, Charges Dropped #URL#]]></document>
    <document><![CDATA[#USER# I can say FCMB has been the worst so Ever just imagine after d complain about theft on a account they did n… #URL#]]></document>
    <document><![CDATA[#USER# #USER# Rank On Google first page Guaranteed within few months  #URL#]]></document>
    <document><![CDATA[Big Edie and Little Edie Argue Over Feeding Raccoons in Unearthed Grey Gardens Documentary (Exclusive) #URL#]]></document>
    <document><![CDATA[SEOBOOSTERX Rank Higher On Google First Page! Buy SEO Link Building Backlinks Service #URL#]]></document>
    <document><![CDATA[#USER# For over a month now fcmb could not solve my issue]]></document>
    <document><![CDATA[Star Sightings: Selena Gomez Defies Expectations, Backstreet Boys Crash an Exercise Class &amp; More! #URL#]]></document>
    <document><![CDATA[Do You Want to get On Google first page Guaranteed today visit #URL#  #HASHTAG# #HASHTAG#… #URL#]]></document>
    <document><![CDATA[SEOBOOSTERX Rank Higher On Google First Page! Buy SEO Link Building Backlinks Service #URL#]]></document>
    <document><![CDATA[’13 Reasons Why’ Season 2 Premiere Canceled Following Texas School Shooting #URL#]]></document>
    <document><![CDATA[My answer to How can I search information accurately using Google search engine? #URL#]]></document>
    <document><![CDATA[#USER# #USER# Paypal at times don't have human feeling imagine my cousin needed money for her hospital bills,a… #URL#]]></document>
    <document><![CDATA[My answer to What are some Google search tips for using Google more efficiently? #URL#]]></document>
    <document><![CDATA[Check it out! seoboosterx will guarantee seo google first page ranking for $10 on #HASHTAG# #URL#]]></document>
    <document><![CDATA[#USER# Hello, I reported a FRAUD ALERT CASE done to me kindly check your private inbox cause i have already explai… #URL#]]></document>
    <document><![CDATA[#USER# Rank On Google first page Guaranteed within few months  #URL#]]></document>
    <document><![CDATA[#USER# Rank On Google first page Guaranteed within few months  #URL#]]></document>
    <document><![CDATA[Jack Osbourne’s Wife Files for Divorce #URL#]]></document>
    <document><![CDATA[Meghan Markle Is Beaming After Introducing Her Mother to Queen Elizabeth Before Royal Wedding #URL#]]></document>
    <document><![CDATA[Check it out! seoranking01 will do viral youtube  promotion in 24hours for $10 on #HASHTAG# #URL#]]></document>
    <document><![CDATA[Check it out! #HASHTAG#: skyrocket your website ranking to google first page guaranteed #URL#]]></document>
    <document><![CDATA[Check it out! seoranking01 will guarantee google first page ranking for $10 on #HASHTAG# #URL#]]></document>
    <document><![CDATA[Rank On Google first page and bring sells to your product, affiliate network e.t.c #URL#  #HASHTAG#… #URL#]]></document>
    <document><![CDATA[#URL# #HASHTAG# #HASHTAG# #HASHTAG# #HASHTAG# #HASHTAG# #HASHTAG# #HASHTAG# #HASHTAG#]]></document>
    <document><![CDATA[Steps to Getting Started in Social Media Marketing  1. Determine your goals. What do you want to get out of your so… #URL#]]></document>
    <document><![CDATA[Racist Lawyer Aaron Schlossberg Razzed by Protesters Outside His Apartment #URL# #URL#]]></document>
    <document><![CDATA[Ex-’24’ Star Eric Balfour’s Neighbor War Lands in Court #URL# #URL#]]></document>
    <document><![CDATA[#USER# #USER# 🥰🥰🥰🥰  check for more savage reply #URL#]]></document>
    <document><![CDATA[Check it out! seoboosterx will do viral youtube  promotion brilliantly for $5 on #HASHTAG# #URL#]]></document>
    <document><![CDATA[#USER# Totally disappointed in you guys . I feel like leaving a Negative review on almost all your post until you… #URL#]]></document>
    <document><![CDATA[#USER# Websites and videos WITHOUT traffic mean NOTHING! That's why you have to boost your website rankin… #URL#]]></document>
    <document><![CDATA[Rank On Google first page #URL#]]></document>
    <document><![CDATA[Royal Wedding Order of Service Reveals Prince Harry Will Wear a Wedding Band, Unlike Brother William #URL#]]></document>
    <document><![CDATA[#USER# Message you on DM no reply  What's really wrong with #USER# #USER#  this days kindly work on my issue]]></document>
    <document><![CDATA[‘Blindspot’ Boss Breaks Down Ominous Finale Twist and Why Season 4 Is About to Get Messy (Exclusive) #URL#]]></document>
    <document><![CDATA[Julia Louis-Dreyfus’ Co-Star Tony Hale on Whether ‘Veep’ Will Address Actress’ Cancer Diagnosis (Exclusive) #URL#]]></document>
    <document><![CDATA[#URL#  #HASHTAG# #HASHTAG# #HASHTAG# #HASHTAG# #HASHTAG# #HASHTAG#… #URL#]]></document>
    <document><![CDATA[Royal Wedding Fever: 5 Funs Ways Meghan Markle and Prince Harry’s Nuptials Are Being Celebrated #URL#]]></document>
    <document><![CDATA[Do you Know, with #URL# You have the Chance OF Ranking Higher On Google And Improve your Site Ale… #URL#]]></document>
    <document><![CDATA[My answer to How did Google go about dominating the search engine market? #URL#]]></document>
    <document><![CDATA[#USER# Paypal at times don't have human feeling imagine my cousin needed money for her hospital bills,and her a… #URL#]]></document>
    <document><![CDATA[Look Back at Meghan Markle and Prince Harry’s Sweetest Moments Ahead of Their Wedding Day #URL#]]></document>
    <document><![CDATA[Sean and Catherine Lowe Welcome Baby No. 2 — See the Sweet Pics! #URL#]]></document>
    <document><![CDATA[The Benefit of Being on the First Page of Google  The search page of Google is considered to be the holy grail of S… #URL#]]></document>
    <document><![CDATA[Rank On Google first page and bring sells to your product, affiliate network e.t.c #URL#  #HASHTAG#… #URL#]]></document>
    <document><![CDATA[Paypal at times don't have human feeling imagine my cousin needed money for her hospital bills,and her account was… #URL#]]></document>
    <document><![CDATA[Differences between ONPAGE SEO AND OFFPAGE SEO   #HASHTAG# #HASHTAG# #HASHTAG# #HASHTAG# #HASHTAG#… #URL#]]></document>
  </documents>
</author>
