<author lang="en">
  <documents>
    <document><![CDATA[Tendance Robe du mariée 2017/2018 – A sheath Elizabeth Fillmore wedding dress with a belt |… #URL# #URL#]]></document>
    <document><![CDATA[Tendance Robe du mariage 2017/2018 – Sleeveless Embroidered Full Tulle Bodice Wedding Dress… #URL# #URL#]]></document>
    <document><![CDATA[BEST QUOTES ABOUT LOVE- Via MY FULL NAME IS SOFTBALL MOM #URL# #URL#]]></document>
    <document><![CDATA[Tendance Robe du mariage 2017/2018 – Strapless Vera Wang wedding ballgown:… #URL# #URL#]]></document>
    <document><![CDATA[Tendance Robe du mariage 2017/2018 – Show off your curves in one of these gorgeous mermaid… #URL# #URL#]]></document>
    <document><![CDATA[Tendance Chausseurs Femme 2017 – adidas Raf Simons Ozweego II White]]></document>
    <document><![CDATA[Tendance Robe du mariée 2017/2018 – A loose-fitting HOUGHTON wedding dress with fringe |… #URL# #URL#]]></document>
    <document><![CDATA[BEST QUOTES ABOUT LOVE- Photo #URL# #URL#]]></document>
    <document><![CDATA[Tendance Robe du mariage 2017/2018 – Lace Sheath Wedding Dress with V-Neck]]></document>
    <document><![CDATA[Tendance Robe du mariage 2017/2018 – Elegant Carolina Herrera wedding gown:… #URL# #URL#]]></document>
    <document><![CDATA[BEST QUOTES ABOUT LOVE- Via Cycling and Mountain Biking #URL# #URL#]]></document>
    <document><![CDATA[Style V3836 by David’s… #URL# #URL#]]></document>
    <document><![CDATA[Tendance Robe du mariage 2017/2018 – V-Neck Sheath Wedding Dress]]></document>
    <document><![CDATA[Tendance Robe du mariage 2017/2018 – Blush tulle Pronovias wedding gown: Photography: Jen… #URL# #URL#]]></document>
    <document><![CDATA[Tendance Robe du mariage 2017/2018 – Strapless Beaded Lace Wedding Ballgown]]></document>
    <document><![CDATA[Tendance Robe du mariage 2017/2018 – Unique Carol Hannah wedding gown that will have your… #URL# #URL#]]></document>
    <document><![CDATA[Tendance Robe du mariée 2017/2018 – A slinky Elizabeth Fillmore wedding dress with floral… #URL# #URL#]]></document>
    <document><![CDATA[Tendance Robe du mariage 2017/2018 – Reflect your chosen tropical destination with an… #URL# #URL#]]></document>
    <document><![CDATA[BEST QUOTES ABOUT LOVE- Via Im the Youngest Child, the rules dont apply to me. #URL# #URL#]]></document>
    <document><![CDATA[Tendance Robe du mariée 2017/2018 – A low-key Elizabeth Fillmore wedding dress with an… #URL# #URL#]]></document>
    <document><![CDATA[Tendance Robe du mariée 2017/2018 – The Shabby Apple winter collection #URL# #URL#]]></document>
    <document><![CDATA[Tendance Robe du mariage 2017/2018 – Tulle Wedding Dress Ball Gown]]></document>
    <document><![CDATA[Tendance Robe du mariage 2017/2018 – Elegant strapless Oscar de la Renta wedding gown:… #URL# #URL#]]></document>
    <document><![CDATA[Tendance Robe du mariage 2017/2018 – What a wedding gown! Photography : Katie Grant… #URL# #URL#]]></document>
    <document><![CDATA[Tendance Robe du mariée 2017/2018 – A mod, short HOUGHTON wedding dress]]></document>
    <document><![CDATA[Tendance Robe du mariage 2017/2018 – Elegant lace off-the-shoulder wedding gown:… #URL# #URL#]]></document>
    <document><![CDATA[Tendance Robe du mariage 2017/2018 – Strapless Ruffled Column Wedding Dress]]></document>
    <document><![CDATA[Tendance Robe du mariage 2017/2018 – Lace backless dress for the winter bride:… #URL# #URL#]]></document>
    <document><![CDATA[BEST QUOTES ABOUT LOVE- Via I Workout Because Punching People is Frowned Upon #URL# #URL#]]></document>
    <document><![CDATA[Tendance Robe du mariage 2017/2018 – Lace cap sleeve wedding gown: www.stylemepretty…… #URL# #URL#]]></document>
    <document><![CDATA[Tendance Robe du mariage 2017/2018 – Lace Sheath Wedding Dress]]></document>
    <document><![CDATA[Tendance Robe du mariée 2017/2018 – A HOUGHTON wedding dress made for a Greek goddess |… #URL# #URL#]]></document>
    <document><![CDATA[Tendance Robe du mariée 2017/2018 – A gray lace HOUGHTON wedding dress]]></document>
    <document><![CDATA[Tendance Robe du mariée 2017/2018 – Go for maximum luxe drama in this fur coat-topped… #URL# #URL#]]></document>
    <document><![CDATA[Tendance Robe du mariée 2017/2018 – The 2016 bridal collection from Karen Willis Holmes #URL# #URL#]]></document>
    <document><![CDATA[Tendance Robe du mariée 2017/2018 – A sexy Elizabeth Fillmore wedding dress with a high… #URL# #URL#]]></document>
    <document><![CDATA[Style BL229 Intrigue by… #URL# #URL#]]></document>
    <document><![CDATA[BEST QUOTES ABOUT LOVE- Via I just want the sound of crackling fire #URL# #URL#]]></document>
    <document><![CDATA[Tendance Robe du mariage 2017/2018 – Lazaro by Jim Helm ballgown that will have you make a… #URL# #URL#]]></document>
    <document><![CDATA[BEST QUOTES ABOUT LOVE- Via I just want the sound of crackling fire #URL# #URL#]]></document>
    <document><![CDATA[Tendance Robe du mariage 2017/2018 – Long sleeve lace v-neck high slit Inbal Dror wedding… #URL# #URL#]]></document>
    <document><![CDATA[Tendance Robe du mariage 2017/2018 – Show off your sun-kissed legs in a flirty, short… #URL# #URL#]]></document>
    <document><![CDATA[Tendance Robe du mariée 2017/2018 – Essense of Australia short lace wedding dress #URL# #URL#]]></document>
    <document><![CDATA[Tendance Robe du mariage 2017/2018 – Caroline Hayden strapless chic wedding gown with a… #URL# #URL#]]></document>
    <document><![CDATA[Tendance Robe du mariage 2017/2018 – Bride in a phenomenal blush off-the-shoulder… #URL# #URL#]]></document>
    <document><![CDATA[Tendance Robe du mariage 2017/2018 – Elegant Austin Scarlett wedding dress:… #URL# #URL#]]></document>
    <document><![CDATA[Tendance Robe du mariage 2017/2018 – Strapless Sweetheart Wedding Ballgown]]></document>
    <document><![CDATA[Tendance Robe du mariée 2017/2018 – A strapless Elizabeth Fillmore wedding dress with a… #URL# #URL#]]></document>
    <document><![CDATA[Tendance Robe du mariage 2017/2018 – Tulle Long-Sleeve Sheath Wedding Dress]]></document>
    <document><![CDATA[Tendance Robe du mariage 2017/2018 – Lace sweetheart a-line wedding dress]]></document>
    <document><![CDATA[BEST QUOTES ABOUT LOVE- Via Smiling bicycle #URL# #URL#]]></document>
    <document><![CDATA[Tendance Robe du mariage 2017/2018 – Long sleeve embroidered aline Hayley Paige wedding… #URL# #URL#]]></document>
    <document><![CDATA[Tendance Robe du mariage 2017/2018 – A-line Wedding Gown Sweetheart Neckline]]></document>
    <document><![CDATA[Tendance Robe du mariage 2017/2018 – Long sleeve lace v-neck high slit Inbal Dror wedding… #URL# #URL#]]></document>
    <document><![CDATA[BEST QUOTES ABOUT LOVE- Via Installing Muscles T-Shirt #URL# #URL#]]></document>
    <document><![CDATA[Tendance Robe du mariée 2017/2018 – Green wedding dress by Leanne Marshall #URL# #URL#]]></document>
    <document><![CDATA[Tendance Robe du mariage 2017/2018 – Sparkling Silver Lace Wedding Dress]]></document>
    <document><![CDATA[BEST QUOTES ABOUT LOVE- Via Books make me Happy Shirt for Reading Lovers #URL# #URL#]]></document>
    <document><![CDATA[Tendance Robe du mariage 2017/2018 – Elegant strapless aline wedding gown:… #URL# #URL#]]></document>
    <document><![CDATA[Tendance Robe du mariée 2017/2018 – A lingerie-like Elizabeth Fillmore wedding dress |… #URL# #URL#]]></document>
    <document><![CDATA[Tendance Robe du mariage 2017/2018 – Crepe and Lace Sheath Wedding Dress]]></document>
    <document><![CDATA[Tendance Robe du mariage 2017/2018 – Gorgeous princess Mark Zunino wedding gown:… #URL# #URL#]]></document>
    <document><![CDATA[Tendance Robe du mariée 2017/2018 – Blush pink organza wedding dress from Essense of… #URL# #URL#]]></document>
    <document><![CDATA[Tendance Robe du mariage 2017/2018 – Unique lavender aline wedding gown: www.stylemepretty…… #URL# #URL#]]></document>
    <document><![CDATA[Tendance Robe du mariage 2017/2018 – Lone sleeve lace aline Daniel Faucher Couture wedding… #URL# #URL#]]></document>
    <document><![CDATA[Tendance Robe du mariage 2017/2018 – Crepe Sheath Wedding Dress with Plunging V-Neck |… #URL# #URL#]]></document>
    <document><![CDATA[Style 6870 by Liancarlo |… #URL# #URL#]]></document>
    <document><![CDATA[BEST QUOTES ABOUT LOVE- Via Proud Dad of a Freaking Awesome Daughter #URL# #URL#]]></document>
    <document><![CDATA[Tendance Robe du mariée 2017/2018 – The perfect beach wedding dress from HOUGHTON |… #URL# #URL#]]></document>
    <document><![CDATA[Tendance Robe du mariage 2017/2018 – Off-the-shoulder Austin Scarlett wedding gown:… #URL# #URL#]]></document>
    <document><![CDATA[Tendance Robe du mariage 2017/2018 – Whimsical wedding dress: www.stylemepretty…… #URL# #URL#]]></document>
    <document><![CDATA[Tendance Robe du mariée 2017/2018 – .A crop top wedding dress by Elizabeth Fillmore |… #URL# #URL#]]></document>
    <document><![CDATA[Tendance Robe du mariage 2017/2018 – Beaded Lace Tulle Wedding Dress]]></document>
    <document><![CDATA[BEST QUOTES ABOUT LOVE- Via If it involves Yarn, Crochet and Tea. Count me in #URL# #URL#]]></document>
    <document><![CDATA[Tendance Robe du mariée 2017/2018 – A HOUGHTON wedding dress with a sheer lace skirt |… #URL# #URL#]]></document>
    <document><![CDATA[Tendance Robe du mariage 2017/2018 – Backless Sheath Wedding Dress with Ribbon]]></document>
    <document><![CDATA[Tendance Robe du mariage 2017/2018 – Beaded structured bodice Inbal Dror wedding gown:… #URL# #URL#]]></document>
    <document><![CDATA[BEST QUOTES ABOUT LOVE- Via Its ok if you disagree with me I cant force you to be Right… #URL# #URL#]]></document>
    <document><![CDATA[Tendance Robe du mariée 2017/2018 – A chic long-sleeved HOUGHTON wedding dress]]></document>
    <document><![CDATA[BEST QUOTES ABOUT LOVE- Via Installing Muscles T-Shirt #URL# #URL#]]></document>
    <document><![CDATA[Tendance Robe du mariée 2017/2018 – Lace tiered wedding dress by Essense of Australia #URL# #URL#]]></document>
    <document><![CDATA[Tendance Robe du mariée 2017/2018 – The 2016 bridal collection from Karen Willis Holmes #URL# #URL#]]></document>
    <document><![CDATA[Tendance Robe du mariée 2017/2018 – A voluminous, floral Elizabeth Fillmore wedding dress… #URL# #URL#]]></document>
    <document><![CDATA[Tendance Robe du mariage 2017/2018 – Strapless lace slip wedding dress with front slit |… #URL# #URL#]]></document>
    <document><![CDATA[Tendance Robe du mariée 2017/2018 – A whimsical tiered HOUGHTON wedding dress]]></document>
    <document><![CDATA[BEST QUOTES ABOUT LOVE- Photo #URL# #URL#]]></document>
    <document><![CDATA[Tendance Robe du mariée 2017/2018 – A flowing, Grecian style HOUGHTON wedding dress |… #URL# #URL#]]></document>
    <document><![CDATA[Tendance Robe du mariage 2017/2018 – English Net Beaded Wedding Ballgown]]></document>
    <document><![CDATA[Tendance Robe du mariée 2017/2018 – Two piece lace wedding drss by Grace Loves Lace #URL# #URL#]]></document>
    <document><![CDATA[Tendance Robe du mariage 2017/2018 – Select a strapless lace wedding dress for a glam… #URL# #URL#]]></document>
    <document><![CDATA[Tendance Robe du mariée 2017/2018 – A silver sequined HOUGHTON wedding dress]]></document>
    <document><![CDATA[Tendance Robe du mariée 2017/2018 – A shimmering silk HOUGHTON wedding dress]]></document>
    <document><![CDATA[Tendance Robe du mariée 2017/2018 – A sheath-style Elizabeth Fillmore wedding dress with… #URL# #URL#]]></document>
    <document><![CDATA[Tendance Robe du mariage 2017/2018 – She can’t stop smiling in her Oscar de la Renta… #URL# #URL#]]></document>
    <document><![CDATA[Tendance Robe du mariée 2017/2018 – A strapless, breezy Elizabeth Fillmore wedding dress… #URL# #URL#]]></document>
    <document><![CDATA[Tendance Robe du mariage 2017/2018 – Vintage Lace Wedding Ballgown]]></document>
    <document><![CDATA[Style MS251173 by David’s Bridal… #URL#]]></document>
    <document><![CDATA[Tendance Robe du mariage 2017/2018 – Beaded Lace Sheath Wedding Dress]]></document>
    <document><![CDATA[Tendance Robe du mariage 2017/2018 – Off-the-shoulder Mon Cherie modified aline lace… #URL# #URL#]]></document>
    <document><![CDATA[Tendance Robe du mariage 2017/2018 – Elegant embroidered Inbal Dror wedding gown:… #URL# #URL#]]></document>
  </documents>
</author>
