<author lang="en">
  <documents>
    <document><![CDATA[#HASHTAG# Mrs. McLoughlin Praises Her Husband on First Wedding Anniversary #URL# #URL#]]></document>
    <document><![CDATA[#HASHTAG# Kelsea Ballerini Takes Three Tweets to Reflect on “LA” #URL# #URL#]]></document>
    <document><![CDATA[#HASHTAG# Twenty Years Ago, “Cowboy Take Me Away” Topped Country Chart #URL# #URL#]]></document>
    <document><![CDATA[#HASHTAG# How the Lindale Chorale Scored the Miranda Lambert Gig #URL# #URL#]]></document>
    <document><![CDATA[#HASHTAG# Maren Morris Rattles “The Bones” at Chart Summit #URL# #URL#]]></document>
    <document><![CDATA[#HASHTAG# Granger Smith Finds a New Way to Traverse Dirt Roads #URL# #URL#]]></document>
    <document><![CDATA[#HASHTAG# Next Women of Country: Meet the Class of 2020 #URL# #URL#]]></document>
    <document><![CDATA[#HASHTAG# Two Country Classics Among Billboard‘s Greatest Love Song Duets #URL# #URL#]]></document>
    <document><![CDATA[#HASHTAG# Jordyn Stoddard Let the Lyrics Pour Out for “Easier Said Than Done” #URL# #URL#]]></document>
    <document><![CDATA[#HASHTAG# The Triumphant Comeback of the ’90s Band You Don’t Remember #URL# #URL#]]></document>
    <document><![CDATA[#HASHTAG# Here’s to All of the Girl Dads Among Us #URL# #URL#]]></document>
    <document><![CDATA[#HASHTAG# Hasting &amp; Co. Get “Brunch Drunk” on Frosted Donuts and Mimosas #URL# #URL#]]></document>
    <document><![CDATA[#HASHTAG# Tonight’s the Night for CMT’s Next Women of Country #URL# #URL#]]></document>
    <document><![CDATA[#HASHTAG# Kassi Ashton Isn’t Afraid to Push Creative Limits in “Hopeless” Video #URL# #URL#]]></document>
    <document><![CDATA[#HASHTAG# Carrie Underwood, As Described by Her Five Year Old #URL# #URL#]]></document>
    <document><![CDATA[#HASHTAG# All the Things from Kelsea Ballerini’s First NYFW #URL# #URL#]]></document>
    <document><![CDATA[#HASHTAG# Save the Music to Honor Nicolle Galyon and Ross Copperman #URL# #URL#]]></document>
    <document><![CDATA[#HASHTAG# Grammy Awards: Nominees for Best Country Album #URL# #URL#]]></document>
    <document><![CDATA[#HASHTAG# Chris Stapleton Adds Tour Dates Through October #URL# #URL#]]></document>
    <document><![CDATA[#HASHTAG# LISTEN: Luke Bryan Reveals Title Track from His Upcoming Album #URL# #URL#]]></document>
    <document><![CDATA[#HASHTAG# Darius Rucker’s “Wagon Wheel” Turns Eight-Times Platinum #URL# #URL#]]></document>
    <document><![CDATA[#HASHTAG# WATCH: Carrie Underwood Was “Drinking Alone” on NYC’s Lower East Side #URL# #URL#]]></document>
    <document><![CDATA[#HASHTAG# “Heartache Medication” Has Jon Pardi Feeling Well at No. 1 #URL# #URL#]]></document>
    <document><![CDATA[#HASHTAG# CMT Declares Equal Play, Effective Immediately #URL# #URL#]]></document>
    <document><![CDATA[#HASHTAG# At 76, Gene Watson Becomes Newest Member of the Grand Ole Opry #URL# #URL#]]></document>
    <document><![CDATA[#HASHTAG# Tyler Farr Enlists Jason Aldean for a Return to Radio #URL# #URL#]]></document>
    <document><![CDATA[#HASHTAG# If Keith Urban Is “Anxious,” We Are Downright Shook #URL# #URL#]]></document>
    <document><![CDATA[#HASHTAG# The One Super Bowl Moment We Can’t Stop Watching #URL# #URL#]]></document>
    <document><![CDATA[#HASHTAG# BLUEBIRD Documentary Set to Air on CMT on Feb. 19 #URL# #URL#]]></document>
    <document><![CDATA[#HASHTAG# Chris Bandi Tries to Win Her Back in “Man Enough Now” #URL# #URL#]]></document>
    <document><![CDATA[#HASHTAG# 14 Valentines, From “Forever Love” to “Faithless Love” #URL# #URL#]]></document>
    <document><![CDATA[#HASHTAG# Morgan Wallen, Julia Michaels Star in Diplo’s New “Heartless” Video #URL# #URL#]]></document>
    <document><![CDATA[#HASHTAG# Ruthie Collins Feels the Wild Energy and Magic of “Joshua Tree” #URL# #URL#]]></document>
    <document><![CDATA[#HASHTAG# Illness Forces Two Miranda Lambert Cancellations #URL# #URL#]]></document>
    <document><![CDATA[#HASHTAG# Ryan Hurd: The Backstage Q&amp;A #URL# #URL#]]></document>
    <document><![CDATA[#HASHTAG# Nicolle Galyon and Ross Copperman Fêted at Hometown to Hometown Show #URL# #URL#]]></document>
    <document><![CDATA[#HASHTAG# Brooks &amp; Dunn: 10 Songs Sung Straight to the Heart #URL# #URL#]]></document>
    <document><![CDATA[#HASHTAG# This Little-Known Johnny Cash Video is Poultry in Motion #URL# #URL#]]></document>
    <document><![CDATA[#HASHTAG# Tanya Tucker: A Career in 10 Songs #URL# #URL#]]></document>
    <document><![CDATA[#HASHTAG# Black History Month: How These Musicians Shaped Classic Country #URL# #URL#]]></document>
    <document><![CDATA[#HASHTAG# This Is What Lady Antebellum Are Leaving For #URL# #URL#]]></document>
    <document><![CDATA[#HASHTAG# Kalie Shorr Reveals Her “Escape” in This Poignant Video #URL# #URL#]]></document>
    <document><![CDATA[#HASHTAG# CMT Goes On the Road with Miranda Lambert #URL# #URL#]]></document>
    <document><![CDATA[#HASHTAG# The Timeline of the Eric Church/Ray Fulcher/Luke Combs Connection #URL# #URL#]]></document>
    <document><![CDATA[#HASHTAG# JUST IN: Windy City Smokeout Line Up Announced #URL# #URL#]]></document>
    <document><![CDATA[#HASHTAG# That Awkward Moment With Chase Rice on The Bachelor #URL# #URL#]]></document>
    <document><![CDATA[#HASHTAG# Erin Enderlin Brings Country Roots to Videos, Vinyl, and Faulkner County #URL# #URL#]]></document>
    <document><![CDATA[#HASHTAG# Carly Pearce Dedicates New Album to Busbee #URL# #URL#]]></document>
    <document><![CDATA[#HASHTAG# Grammy Awards: Nominees for Best Country Song #URL# #URL#]]></document>
    <document><![CDATA[#HASHTAG# This Classic Video Asks, “Who’s Gonna Fill Their Shoes”? #URL# #URL#]]></document>
    <document><![CDATA[#HASHTAG# Grammy Hall of Fame: “Pancho and Lefty,” Willie Nelson and Merle Haggard #URL# #URL#]]></document>
    <document><![CDATA[#HASHTAG# Grammy Hall of Fame: Patsy Cline, “Walkin’ After Midnight” #URL# #URL#]]></document>
    <document><![CDATA[#HASHTAG# WATCH: Chloé Caroline’s “Confetti” #URL# #URL#]]></document>
    <document><![CDATA[#HASHTAG# Grammy Awards: Nominees for Best Country Duo/Group Performance #URL# #URL#]]></document>
    <document><![CDATA[#HASHTAG# Loretta Lynn Shares Her Thoughts on Modern Country Music #URL# #URL#]]></document>
    <document><![CDATA[#HASHTAG# From Now On, Dax Shepard Should Do All the Dierks Bentley Interviews #URL# #URL#]]></document>
    <document><![CDATA[#HASHTAG# Watch “Graveyard” From CMT Crossroads: Halsey &amp; Kelsea Ballerini #URL# #URL#]]></document>
    <document><![CDATA[#HASHTAG# Grammy Awards: Overheard on the Red Carpet #URL# #URL#]]></document>
    <document><![CDATA[#HASHTAG# This Is What Happens When a Mother is Born #URL# #URL#]]></document>
    <document><![CDATA[#HASHTAG# Tenille Townes Sings “Stupid Boy” From a New View #URL# #URL#]]></document>
    <document><![CDATA[#HASHTAG# Justin Moore Celebrates “The Ones That Didn’t Make It Back Home” at the Sutler Saloon #URL# #URL#]]></document>
    <document><![CDATA[#HASHTAG# How This One Jason Aldean Song Proves That Opposites Don’t Always Attract #URL# #URL#]]></document>
    <document><![CDATA[#HASHTAG# At Country Radio, “10,000 Hours” Clocks in at No. 1 #URL# #URL#]]></document>
    <document><![CDATA[#HASHTAG# Jake Hoot: The Backstage Q&amp;A at the Opry #URL# #URL#]]></document>
    <document><![CDATA[#HASHTAG# With Two Vinyl Reissues, Susan Raye Reflects on ’70s Country Career #URL# #URL#]]></document>
    <document><![CDATA[#HASHTAG# All the Influences at All for the Hall #URL# #URL#]]></document>
    <document><![CDATA[#HASHTAG# EXCLUSIVE: Lewis Brice Shares First Listen of “It’s You” #URL# #URL#]]></document>
    <document><![CDATA[#HASHTAG# Is It Okay to Wait Six Years Between Albums? #URL# #URL#]]></document>
    <document><![CDATA[#HASHTAG# The Juggle Is Real for Carrie Underwood #URL# #URL#]]></document>
    <document><![CDATA[#HASHTAG# Merle Haggard’s “The Fightin’ Side of Me” Turns 50 #URL# #URL#]]></document>
    <document><![CDATA[#HASHTAG# How Is Jacob Fisher One (and Smiley, Crazy and Smart) Already ? #URL# #URL#]]></document>
    <document><![CDATA[#HASHTAG# Grammy Awards: Gallery of Red Carpet Arrivals #URL# #URL#]]></document>
    <document><![CDATA[#HASHTAG# Midland on the DNA of a Cheatin’ Song #URL# #URL#]]></document>
    <document><![CDATA[#HASHTAG# WORLD PREMIERE: Pitbull and Blake Shelton Are Ready to “Get Ready” #URL# #URL#]]></document>
    <document><![CDATA[#HASHTAG# WATCH: Tanya Tucker’s CMT HitStory #URL# #URL#]]></document>
    <document><![CDATA[#HASHTAG# Chris Janson Offers Gratitude at “Good Vibes” Party #URL# #URL#]]></document>
    <document><![CDATA[#HASHTAG# What We Know About Tim McGraw’s Split with Sony #URL# #URL#]]></document>
    <document><![CDATA[#HASHTAG# WATCH: Trisha Yearwood’s CMT HitStory #URL# #URL#]]></document>
    <document><![CDATA[#HASHTAG# CMT Reveals Artists for 2020 Listen Up #URL# #URL#]]></document>
    <document><![CDATA[#HASHTAG# Cheers to Chris Lane’s “I Don’t Know About You” #URL# #URL#]]></document>
    <document><![CDATA[#HASHTAG# Grammy Awards: See the List of Country Winners #URL# #URL#]]></document>
    <document><![CDATA[#HASHTAG# Hot Country Knights Haul “Asphalt” for Late Night TV, Tour #URL# #URL#]]></document>
    <document><![CDATA[#HASHTAG# Little Big Town Shine With No. 1 Nightfall Debut #URL# #URL#]]></document>
    <document><![CDATA[#HASHTAG# Game On: See Brett Young’s Pop-Up Video for “Catch” #URL# #URL#]]></document>
    <document><![CDATA[#HASHTAG# Sugarland Offer Something More Than Summer Tour #URL# #URL#]]></document>
    <document><![CDATA[#HASHTAG# Chemotherapy Reveals More Bad News for Taylor Swift’s Mother #URL# #URL#]]></document>
    <document><![CDATA[#HASHTAG# See Brandy Clark’s Illuminating “Love Is a Fire” Video #URL# #URL#]]></document>
    <document><![CDATA[#HASHTAG# Miranda Lambert Goes Back to School to Recruit Background Singers #URL# #URL#]]></document>
    <document><![CDATA[#HASHTAG# Lady Antebellum Gets Over Slump With “What If I Never Ger Over You” #URL# #URL#]]></document>
    <document><![CDATA[#HASHTAG# Brandy Clark: A Long Way from the Blueberry Bus #URL# #URL#]]></document>
    <document><![CDATA[#HASHTAG# Midland Bring Back “Cheatin’ Songs” to the Palomino Club #URL# #URL#]]></document>
    <document><![CDATA[#HASHTAG# Luke Combs Made Saturday Night Live Great Again #URL# #URL#]]></document>
    <document><![CDATA[#HASHTAG# You Won’t Want to Miss These 11 Summer Tours #URL# #URL#]]></document>
    <document><![CDATA[#HASHTAG# Grammy Awards: The Countriest Moments of the Whole Show #URL# #URL#]]></document>
    <document><![CDATA[#HASHTAG# Baby No. Three Arrives for Thomas Rhett and His Family #URL# #URL#]]></document>
    <document><![CDATA[#HASHTAG# Maren Morris Gives Advice You’ll Remember on Sesame Street #URL# #URL#]]></document>
    <document><![CDATA[#HASHTAG# Grammy Awards: Nominees for Best Country Solo Performance #URL# #URL#]]></document>
    <document><![CDATA[#HASHTAG# Country Stars Shocked and Saddened by Kobe Bryant’s Death #URL# #URL#]]></document>
    <document><![CDATA[#HASHTAG# WATCH: Clint Black’s CMT HitStory #URL# #URL#]]></document>
    <document><![CDATA[#HASHTAG# Jason Aldean Fans Demanded “The Truth” in 2010 #URL# #URL#]]></document>
  </documents>
</author>
