<author lang="en">
  <documents>
    <document><![CDATA[The Best Street Style From Paris Fashion Week Fall 2019 #URL#]]></document>
    <document><![CDATA[Dates of Wrath: The Guy Who Accused Me of Standing Him Up When I Was Literally...Right There? #URL#]]></document>
    <document><![CDATA[Kenzo's La Collection Memento No. 4 Loves the Produce Section #URL#]]></document>
    <document><![CDATA[Escape Your Everyday in These Cozy Canadian Cabins #URL#]]></document>
    <document><![CDATA[All the Celebrities the Roses Have Name-Dropped on Schitt’s Creek #URL#]]></document>
    <document><![CDATA[Affordable, Stat-Based Retail Strategy For Your Agency&amp;rsquo;s Clients #URL#]]></document>
    <document><![CDATA[Travis Scott Has Deactivated His Instagram Account Following Rumors He Cheated on Kylie Jenner #URL#]]></document>
    <document><![CDATA[Gigi and Bella Hadid Light Up Off-White's Runway in Low-Key Beauty Looks #URL#]]></document>
    <document><![CDATA[Trump's Title X 'Gag Rule' Will Disproportionately Affect Women of Color  #URL#]]></document>
    <document><![CDATA[The New It Bag Holds One AirPod #URL#]]></document>
    <document><![CDATA[How to Get Whiter Teeth at Home and at the Dentist's Office #URL#]]></document>
    <document><![CDATA[Kate Middleton Is Reportedly Hosting a Private Baby Shower for Meghan Markle in the UK #URL#]]></document>
    <document><![CDATA[Kate Middleton Wears a Stunning Carolina Herrera Red Coat Dress in Belfast With Prince William #URL#]]></document>
    <document><![CDATA[What Jennifer Lopez Whispered to a 'Nervous' Bradley Cooper Right Before His Lady Gaga Oscars Duet #URL#]]></document>
    <document><![CDATA[The 15 Best Ariana Grande Songs to Listen to #URL#]]></document>
    <document><![CDATA[Jordyn Woods Reportedly Called Khloé Kardashian the Morning After Her Tristan Thompson Makeout #URL#]]></document>
    <document><![CDATA[Rashida Tlaib and Mark Meadows Had a Heated Exchange at the Michael Cohen Hearing #URL#]]></document>
    <document><![CDATA[Watch the Chloe Fall/Winter 2019 Show Live #URL#]]></document>
    <document><![CDATA[Selena Gomez's New Song 'I Can't Get Enough' Has Some Pretty Horny Lyrics #URL#]]></document>
    <document><![CDATA[J. Crew Taps Chris Benz to Head Up Women's Design #URL#]]></document>
    <document><![CDATA[&lt;i&gt;The Act&lt;/i&gt; Tells the Wild True Story of Dee Dee and Gypsy Rose Blanchard #URL#]]></document>
    <document><![CDATA[Khloe Kardashian Tweets That the Tristan Thompson-Jordyn Woods Cheating Scandal Is 'Humiliating' #URL#]]></document>
    <document><![CDATA[What Kylie Jenner and the Kardashian Family Really Think About Jordyn Woods' Appearance on 'Red Table Talk' #URL#]]></document>
    <document><![CDATA[Kate Middleton Steps Out in a Cinderella Blue Mulberry Coat Dress in Ballymena #URL#]]></document>
    <document><![CDATA[Who Needs Under Eye Concealer When You Have Under Eye LED Lights? #URL#]]></document>
    <document><![CDATA[Everything You Need to Know About HIIPA: The Exercise Trend for People Who Don&amp;rsquo;t Have Time to Work Out #URL#]]></document>
    <document><![CDATA[Justin Bieber Is Reportedly ‘Scared’ About Not Having a Prenup Despite His and Hailey Baldwin’s Commitment to Marri… #URL#]]></document>
    <document><![CDATA[Emma Thompson Refuses to Work With Movie Executive Accused of Misconduct #URL#]]></document>
    <document><![CDATA[15 Belted Swimsuits Because Your Bikini Needs A Built-In Accessory #URL#]]></document>
    <document><![CDATA[Everything That Upset the Internet This Week #URL#]]></document>
    <document><![CDATA[Vans Has Finally Invented a Sneaker That’s Actually Comfortable #URL#]]></document>
    <document><![CDATA[Rich Heiress Thinks People Don't Want Free Money #URL#]]></document>
    <document><![CDATA[Everlane Finally Made Mom Jeans and They Are Good #URL#]]></document>
    <document><![CDATA[Jennifer Lawrence Formally Debuts Her $200K+ Engagement Ring at Dior's Show #URL#]]></document>
    <document><![CDATA[What Meghan Markle and Queen Elizabeth II's Relationship Is Like After All the Royal Feud Drama #URL#]]></document>
    <document><![CDATA[The Kardashians Are Reportedly Enraged That Jordyn Woods Is Speaking Out on ‘Red Table Talk’ #URL#]]></document>
    <document><![CDATA[Everything You Need to Know About Bob Fosse and Gwen Verdon Before You Watch FX's 'Fosse/Verdon' #URL#]]></document>
    <document><![CDATA[29 Great Looks from Paris Fashion Week #URL#]]></document>
    <document><![CDATA[Teddy Girls and Their Rebellious Spirit Inspire Dior for Fall #URL#]]></document>
    <document><![CDATA[A Definitive List of the Best Camisoles Ever #URL#]]></document>
    <document><![CDATA[Ask E. Jean: What's the Best Course of Action After Being Fired? #URL#]]></document>
    <document><![CDATA[Knix Is Having Its First-Ever Warehouse Sale in Toronto #URL#]]></document>
    <document><![CDATA[14 SEO Predictions for 2019 &amp;amp; Beyond, as Told by Mozzers #URL#]]></document>
    <document><![CDATA[Best Dressed: The Week in Outfits #URL#]]></document>
    <document><![CDATA[Selena Gomez Wears Cozy Cream Jacket and Sweatpants to Record Music #URL#]]></document>
    <document><![CDATA[What's Next For &lt;em&gt;New Yorker&lt;/em&gt; Reporter Jane Mayer? #URL#]]></document>
    <document><![CDATA[Who Bears Responsibility for the Environmental Impact of Online Shopping? #URL#]]></document>
    <document><![CDATA[Khloé Kardashian Calls Jordyn Woods a 'Liar' on Twitter in First Reaction to Interview #URL#]]></document>
    <document><![CDATA[Ask E. Jean: What's Wrong With Remaining Happily Unmarried? #URL#]]></document>
    <document><![CDATA[J. Crew Taps Chris Benz as New Head of Women’s Design #URL#]]></document>
    <document><![CDATA[Emma Stone Was Touchingly Supportive of Women at the 2019 Oscars #URL#]]></document>
    <document><![CDATA[The Meghan Markle Lookbook: Every Outfit She’s Worn #URL#]]></document>
    <document><![CDATA[Hailey Baldwin's Birthday Tribute to Justin Bieber Is Two New Cuddly Photos of Her and Her 'Lover' #URL#]]></document>
    <document><![CDATA[What Women of Color Need to Know About Getting Injectables #URL#]]></document>
    <document><![CDATA[The 7 Best Leggings For Every Occasion #URL#]]></document>
    <document><![CDATA[15 Things You Can Eat or Drink to Burn More Calories #URL#]]></document>
    <document><![CDATA[ELLE Editorial: The Body Electric #URL#]]></document>
    <document><![CDATA[&lt;em&gt;A Star Is Born&lt;/em&gt; Is Returning to Theaters for One Week Only #URL#]]></document>
    <document><![CDATA[A New Lanvin Debuts at Paris Fashion Week #URL#]]></document>
    <document><![CDATA[Jordyn Woods Reportedly Said She 'Hooked Up' With Khloé Kardashian's Other Ex James Harden #URL#]]></document>
    <document><![CDATA[Miley Cyrus and Liam Hemsworth Stepped Out in Coordinating Suits at a Charity Gala Last Night #URL#]]></document>
    <document><![CDATA[Rokh is the Brand that Will Finally Replace Phoebe Philo’s Céline #URL#]]></document>
    <document><![CDATA[Everything Coming to Netflix Canada in March #URL#]]></document>
    <document><![CDATA[The Palace Breaks Its Silence on False Meghan Markle and Prince Harry 'Gender Fluid' Baby Story #URL#]]></document>
    <document><![CDATA[Meet Alexandra Rojas, the Executive Director of Justice Democrats Who Helped Elect Your Favorite Congresswomen #URL#]]></document>
    <document><![CDATA[Break Your Habit of Self-Blame With This Genius Hack #URL#]]></document>
    <document><![CDATA[What Is Sleep Paralysis? And What You Should Do if You Have It #URL#]]></document>
    <document><![CDATA[Zendaya Casts Only Black Models in Her Joyful Tommy Hilfiger Show #URL#]]></document>
    <document><![CDATA[Music Therapy: Tuning Up Your Mental Health with Prescribed Playlists #URL#]]></document>
    <document><![CDATA[Saint Laurent Glows in the Dark #URL#]]></document>
    <document><![CDATA[Isabel Marant Shows the French Girl Way to...Wear Glitter? #URL#]]></document>
    <document><![CDATA[Which Eyeshadow Will Complement Your Eye Color Best? #URL#]]></document>
    <document><![CDATA[Rihanna’s LVMH Venture Finally Has a Name #URL#]]></document>
    <document><![CDATA[The 15 Best Carly Rae Jepsen Songs #URL#]]></document>
    <document><![CDATA[Lady Gaga Explains What Was Really Behind Her and Bradley Cooper's Oscars Chemistry #URL#]]></document>
    <document><![CDATA[Hey #USER#, Thank you for the follow!]]></document>
    <document><![CDATA[5 Things Every Influencer Has in Their Fridge #URL#]]></document>
    <document><![CDATA[The Best (and Sexiest) Underwear For Every Occasion #URL#]]></document>
    <document><![CDATA[Controversial Yves Saint Laurent Documentary Will Receive First Canadian Screening Next Month #URL#]]></document>
    <document><![CDATA[Stevie Nicks Keeps Her Shawls in a Temperature Controlled Vault, Believes Harry Styles Is the 'Son [She] Never Had' #URL#]]></document>
    <document><![CDATA[Zayn Malik Tweeted That He Loves Gigi Hadid and Fans are Really Confused #URL#]]></document>
    <document><![CDATA[The Bey Keeper: Yvette Noel-Schure Stands Between the World and Beyoncé #URL#]]></document>
    <document><![CDATA[&lt;i&gt;New Yorker&lt;/i&gt; Journalist Jane Mayer Says She's Still Actively Reporting Out Allegations Against Brett Kavanaugh #URL#]]></document>
    <document><![CDATA[Why Justin Bieber Is Purposefully Staying Away From Selena Gomez #URL#]]></document>
    <document><![CDATA[Kylie Jenner and Travis Scott are Reportedly Still Together Despite Cheating Rumors #URL#]]></document>
    <document><![CDATA[Spotted Backstage at Dior: Anime Twiggy Liner and a Genius Trick for Low Ponytails #URL#]]></document>
    <document><![CDATA[12 Eyeshadows That Make Blue Eyes Look Insanely Bright #URL#]]></document>
    <document><![CDATA[The Best Twitter Reactions to Jordyn Woods' 'Red Table Talk' Interview #URL#]]></document>
    <document><![CDATA[Kate Middleton Wore a Pretty Missoni Party Dress to Empire Music Hall #URL#]]></document>
    <document><![CDATA[Mugler's Paris Fashion Week Show Makes the Middle Finger Manicure a Thing #URL#]]></document>
    <document><![CDATA[Bullish Price Action, Lackluster Data #URL#]]></document>
    <document><![CDATA[What Irina Shayk Really Thinks of Lady Gaga and Bradley Cooper's 'Shallow' Oscars Performance #URL#]]></document>
    <document><![CDATA[James Safechuck and Wade Robson's Lawsuits Against Michael Jackson Were Dismissed. Why? #URL#]]></document>
    <document><![CDATA[The Funniest Tweets About President Trump's Former Lawyer Michael Cohen's House Testimony #URL#]]></document>
    <document><![CDATA[This Photo of AOC, Ayanna Pressley, and Rashida Tlaib Has No Right To Be This Good #URL#]]></document>
    <document><![CDATA[Are Priyanka Chopra and Meghan Markle Really No Longer Friends? #URL#]]></document>
    <document><![CDATA[Yield Curve Pointing Towards 2019 Market Peak #URL#]]></document>
    <document><![CDATA[Kylie Jenner Is Reportedly Unlikely to Take Jordyn Woods Back as a Friend #URL#]]></document>
    <document><![CDATA[The Jonas Brothers Just Announced a New Song Called 'Sucker' #URL#]]></document>
    <document><![CDATA[Everything Jordyn Woods Said About the Khloé Kardashian-Tristan Thompson Cheating Scandal on Red Table Talk #URL#]]></document>
  </documents>
</author>
