<author lang="en">
  <documents>
    <document><![CDATA[Lil Wayne Auto-Tunes His Nightmares In New ‘Dreams’ Performance #URL# #URL#]]></document>
    <document><![CDATA[RT #USER#: You opened your room and you met a Beautiful Lady naked on your bed. What will you do?]]></document>
    <document><![CDATA[INEC de-registers 74 political parties.  The Independent National Electoral Commission, INEC, has de-registered 74… #URL#]]></document>
    <document><![CDATA[‘I Felt Smothered’: Siesta Key‘s Juliette Reveals All The Reasons She Dumped Robby #URL# #URL#]]></document>
    <document><![CDATA[RT #USER#: We began the cleanup at 4am ⁦#USER#⁩ XBox Plaza and we have now boxed 1353 basketballs dedicated to Kobe and Gianna. Truly…]]></document>
    <document><![CDATA[RT #USER#: Apart from offside and inside. Which other side do you know? 😊]]></document>
    <document><![CDATA[RT #USER#: I hate kids 😭😭 she barely touched his leg  #URL#]]></document>
    <document><![CDATA[RT #USER#: Never mock other people’s jobs just because yours is fancy and paying better...The war is against poverty not against each…]]></document>
    <document><![CDATA[RT #USER#: What’s the most over-rated sport?  We want your suggestions for the next episode of the Glory Hunters Podcast.  Tell us by c…]]></document>
    <document><![CDATA[Hayley Williams Dances With Demons In Haunted ‘Cinnamon’ Video #URL# #URL#]]></document>
    <document><![CDATA[5SOS And Hilary Duff Are Leading Pop’s Third Eye Blind Revival #URL# #URL#]]></document>
    <document><![CDATA[Justin Bieber, His Mustache, And Quavo Serenaded The Audience With An Awesome SNL Performance… #URL#]]></document>
    <document><![CDATA[RT #USER#: I thank my ex for breaking my hearts into pieces , now I can share the pieces to many girls and keep some for myself.]]></document>
    <document><![CDATA[RT #USER#: Participating today at the Country Partnership Framework (CPF) CSO/NGO's Focus group discussion with .#USER#   World Bank Gr…]]></document>
    <document><![CDATA[If You Tell Conan Gray About Your Love Beefs, He’ll Make A Song About Them #URL# #URL#]]></document>
    <document><![CDATA[RT #USER#: Ikorodubois tribute to Kobe Bryant is the best thing you’ll see today.😢❤️❤️. Magical #URL#]]></document>
    <document><![CDATA[How To Use Dating Apps Without Putting Your Privacy At Risk #URL# #URL#]]></document>
    <document><![CDATA[Donald Trump discharged and acquitted by the US senate who voted him 'not guilty', bringing impeachment trial to an… #URL#]]></document>
    <document><![CDATA[Coronavirus: Reps reject move to evacuate Nigerians from China.  A motion to evacuate Nigerians from Wuhan, the Chi… #URL#]]></document>
    <document><![CDATA[Justin Bieber And Quavo’s Heartwarming ‘Intentions’ Highlights Real-Life Heroes #URL# #URL#]]></document>
    <document><![CDATA[All Of Brad Pitt’s Best Jokes This Awards Season #URL# #URL#]]></document>
    <document><![CDATA[Everything We Know About Justin Bieber’s Changes So Far #URL# #URL#]]></document>
    <document><![CDATA[Finneas’s Fallon Performance Is As Sharp As His Damn Suit #URL# #URL#]]></document>
    <document><![CDATA[RT #USER#: At her request, Vanessa Bryant will be given some items left by the thousands of fans that came to honor Kobe, Gianna an…]]></document>
    <document><![CDATA[From Miley Cyrus To Billy Porter, Here Are The Best Oscars Gowns Of The Past 20 Years #URL# #URL#]]></document>
    <document><![CDATA[RT #USER#: Your second emoji is your reaction after your partner said "it's over between us"  Mine: 😘]]></document>
    <document><![CDATA[Protecting Black Voters’ Access To The Polls Is The Right Thing To Do #URL# #URL#]]></document>
    <document><![CDATA[Trump administration adds Nigeria &amp; 5 other countries to Travel ban list.  The US State Department on Friday night… #URL#]]></document>
    <document><![CDATA[RT #USER#: Just when i thought Lagos State Government was joking with this ban of tricycle and okadas, I got to CMS now only for me t…]]></document>
    <document><![CDATA[These Key Issues Took Center Stage At The New Hampshire Debates #URL# #URL#]]></document>
    <document><![CDATA[RT #USER#: You don’t need to go to immigration office again to get your passport, just go to this man’s church 😂😂😭  Religion is the bigg…]]></document>
    <document><![CDATA[RT #USER#: Call me whatever you like but my girlfriend isn't allowed to have any male "bestie". Where all of una go learn this thing?…]]></document>
    <document><![CDATA[RT #USER#: . #USER# and #USER# and all the special guests were so incredible!!! What a fun halftime show I danced and smiled the whole t…]]></document>
    <document><![CDATA[Super Bowl 2020: Kansas City Chiefs beat San Francisco 49ers to claim their first title in 50-years.  American foot… #URL#]]></document>
    <document><![CDATA[RT #USER#: Can you mention that movie/series that has so many sex scenes?😁😁]]></document>
    <document><![CDATA[#USER# #USER# PUBG is simple? Diamond Tier says hi 😂😂😂😂😂]]></document>
    <document><![CDATA[RT #USER#: Loved performing in Miami 🏝 What an amazing weekend. Wore something new on the red carpet… 😉 #USER# #URL#]]></document>
    <document><![CDATA[Christine And The Queens Sings The Purples On ‘People, I’ve Been Sad’ #URL# #URL#]]></document>
    <document><![CDATA[RT #USER#: WE JUST WON THE SUPER BOWL!!!!!!!!!!!!!!! #HASHTAG#]]></document>
    <document><![CDATA[RT #USER#: Sometimes it’s good to visit your wife at work place just to see if any of your kids looks like any of her colleagues🤔…]]></document>
    <document><![CDATA[RT #USER#: I don’t think the premier league suddenly became a farmer’s league just because Liverpool is dominating everyone the way no on…]]></document>
    <document><![CDATA[This Catfish Wasn’t Asking For Money — She Was Sending It #URL# #URL#]]></document>
    <document><![CDATA[Vanessa Hudgens Is Her Own Valentine, And Honestly, Same #URL# #URL#]]></document>
    <document><![CDATA[No going back on Okada, Keke ban- Governor Sanwo-Olu insists.  Governor Babajide Sanwo-Olu has said there is no goi… #URL#]]></document>
    <document><![CDATA[Aly &amp; AJ’s ‘Attack Of Panic’ Is A Frenetic, Labyrinth-Inspired Thriller #URL# #URL#]]></document>
    <document><![CDATA[RT #USER#: Don't buy your girlfriend any Valentine wig she gt the whole year to grow hair 😒😒]]></document>
    <document><![CDATA[RT #USER#: I just saw this “No guy is stingy. It’s either he doesn’t have or you don’t deserve it” 😂]]></document>
    <document><![CDATA[Phone Your Dentist Before Listening To This Sweet-Toothed ‘Yummy’ Remix #URL# #URL#]]></document>
    <document><![CDATA[Bong Joon-Ho Just Wants A Drink But He Can’t Stop Winning Oscars #URL# #URL#]]></document>
    <document><![CDATA[RT #USER#: Hey guys, search your name in the GIF section and reply with he first result, Leggo 😂🤟🏾]]></document>
    <document><![CDATA[How Jagged Little Pill Helped Kathryn Gallagher Find Her Voice — And Use It #URL# #URL#]]></document>
    <document><![CDATA[Donald Trump wins the Republican Iowa caucus by 97.1%, showing Republicans are united in their choice for 2020 pres… #URL#]]></document>
    <document><![CDATA[Davido's brother Adewale Adeleke shares beautiful wedding photo with his wife Kani.  Davido's brother, Adewale Adel… #URL#]]></document>
    <document><![CDATA[Pharrell And Snoh Aalegra Make The Matrix Glitch On Sultry New ‘Whoa’ Remix #URL# #URL#]]></document>
    <document><![CDATA[RT #USER#: Pelosi didn’t just shred the President’s speech, she ripped apart the inspiring stories of American heroes, such as: -4th grader J…]]></document>
    <document><![CDATA[Apple Next Update Will Allow You Use Your Phone as Car Key.  According to reports from 9to5mac, the latest beta upd… #URL#]]></document>
    <document><![CDATA[RT #USER#: When will the Democrats start blaming RUSSIA, RUSSIA, RUSSIA, instead of their own incompetence for the voting disaste…]]></document>
    <document><![CDATA[RT #USER#: If you could tell your 17 years old self something, what would you say?]]></document>
    <document><![CDATA[Here’s Wife Guy Joe Jonas’s Valentine’s Day Tribute To Sophie Turner #URL# #URL#]]></document>
    <document><![CDATA[RT #USER#: This didn't end well wait for it 😭😂 #URL#]]></document>
    <document><![CDATA[Bayelsa: INEC presents Certificate of Return to PDP's Duoye Diri.  The Independent National Electoral Commission IN… #URL#]]></document>
    <document><![CDATA[RT #USER#: #HASHTAG# #USER# . It's a Melanin popping Hangout at Jekkaplay, Unilag on Tuesday 11th of February by 4pm !! I will be…]]></document>
    <document><![CDATA[RT #USER#: The Democrat Party in Iowa really messed up, but the Republican Party did not. I had the largest re-election vote in t…]]></document>
    <document><![CDATA[Hamilton Is Heading To Theaters, Just You Wait #URL# #URL#]]></document>
    <document><![CDATA[Ronaldo sets Juventus record by scoring in 10th consecutive Serie A game.  Cristiano Ronaldo set a new Juventus rec… #URL#]]></document>
    <document><![CDATA[11 cases of coronavirus confirmed in the US.  Health officials on Sunday, announced three more cases of the coronav… #URL#]]></document>
    <document><![CDATA[RT #USER#: The whole world deserves to see this 😂😂 #HASHTAG# #URL#]]></document>
    <document><![CDATA[Manchester City hit with two-season Champions League ban by UEFA.  Manchester City have been given a two-season Cha… #URL#]]></document>
    <document><![CDATA[Jay-Z And Beyoncé Were In ‘Artist Mode’ During Demi Lovato’s Super Bowl Performance #URL# #URL#]]></document>
    <document><![CDATA[Stop-And-Frisk Terrorized Young Black And Latinx New Yorkers. Bloomberg Is Still Answering For It… #URL#]]></document>
    <document><![CDATA[The Weeknd Announces New Album After Hours With An Ominous Teaser #URL# #URL#]]></document>
    <document><![CDATA[Actress Scarlett Johansson donned $2.5 million worth of diamond jewelry to the Oscars.  American actress, Scarlett… #URL#]]></document>
    <document><![CDATA[RT #USER#: How do you break up with someone without actually hurting them?😣😭]]></document>
    <document><![CDATA[RT #USER#: This dude was on ig live and went to go get his charger and watch what happens next 😭😭😭 #URL#]]></document>
    <document><![CDATA[RT #USER#: Staples Center has to remove everything by Sunday but Vanessa requested all the items that ppl left Kobe be sent to her 🥺🥺…]]></document>
    <document><![CDATA[Jennifer Lopez And Shakira Soared Higher Than Anyone At Super Bowl Halftime Show #URL# #URL#]]></document>
    <document><![CDATA[RT #USER#: My Approval Rating in the Republican Party = 95%, a record! Big Iowa win. Approval Rating overall = 53%, a new high. W…]]></document>
    <document><![CDATA[Positive Result: Rachel Is Young And Pregnant With Her Second Child #URL# #URL#]]></document>
    <document><![CDATA[RT #USER#: ... Only if I could outrun this Dubai police cars 😩😩 this man would have been explaining my slap to witnesses 😩😂 https://t.…]]></document>
    <document><![CDATA[King Princess Makes Rock Her Kingdom In ‘Ohio’ #URL# #URL#]]></document>
    <document><![CDATA[#USER# It’s so obvious the match was plain fixed it had to be ft draw]]></document>
    <document><![CDATA[Billie Eilish’s ‘Bury A Friend’ Was Inspired By Sleep Paralysis #URL# #URL#]]></document>
    <document><![CDATA[Kailyn Lowry Expecting Fourth Child #URL# #URL#]]></document>
    <document><![CDATA[RT #USER#: What's your excuse? #URL#]]></document>
    <document><![CDATA[RT #USER#: Black people will team up to buy alcohol and party but they will never team up to do business   Embrace collaboration and av…]]></document>
    <document><![CDATA[Billie Eilish, Beatles Superfan, Covered A Classic For Her Oscars Performance #URL# #URL#]]></document>
    <document><![CDATA[The Third To All The Boys Film Should Make Fans ‘Worried’ #URL# #URL#]]></document>
    <document><![CDATA[RT #USER#: By their wish - Vanessa, Natalia, Bianka, and Capri Bryant will receive every letter, t-shirt, and piece of art dedicated to Kob…]]></document>
    <document><![CDATA[RT #USER#: Reply this tweet with anything you want for Valentine   Your Anon can be in the comment section]]></document>
    <document><![CDATA[Inside Justin Bieber’s Super-Chill ‘House Of Changes’ Album Release Party #URL# #URL#]]></document>
    <document><![CDATA[#USER# #USER# #USER# Oti di 5 Alive 😌]]></document>
    <document><![CDATA[RT #USER#: U reading this now,u shall be the first billionaire in ur family 🙏🏿]]></document>
    <document><![CDATA[RT #USER#: If your boyfriend room is always clean. My dear trust me he is cheating😒😒]]></document>
    <document><![CDATA[Donald Trump wins the Republican Iowa caucus by 97.1%, showing Republicans are united in their choice for 2020 pres… #URL#]]></document>
    <document><![CDATA[RT #USER#: My father always says he has 95% Republican support... Last night he was proven wrong — in fact, #USER# has 97.1%…]]></document>
    <document><![CDATA[RT #USER#: Speaking in Tongues Rap Battle.  Adults 🤔🙆🏾‍♂️🤷🏾‍♂️😫 #URL#]]></document>
    <document><![CDATA['I had a gun in my lap and I was ready to commit suicide' - Heavyweight champion Deontay Wilder reveals his battle… #URL#]]></document>
    <document><![CDATA[RT #USER#: This Lagos can wrinkle you to the point of no recognition.... There should be a series: Surviving Lagos... 🙄]]></document>
    <document><![CDATA[Billie Eilish Met Joey King At An Oscars After-Party And It Was A ‘Holy Shit’ Moment #URL# #URL#]]></document>
    <document><![CDATA[Zac And Vanessa, Demi And Joe, And More Couples We Loved At The 2010 Oscars #URL# #URL#]]></document>
  </documents>
</author>
