<author lang="en">
  <documents>
    <document><![CDATA[The breakup phone cleanse: How we move on in a digital world #URL#]]></document>
    <document><![CDATA['Harry Potter: Hogwarts Mystery' let's you live your Hogwarts dreams #URL#]]></document>
    <document><![CDATA[Amazon is giving Alexa a kid-friendly personality #URL#]]></document>
    <document><![CDATA[Get an Instant Pot on sale for just $56, which is a *great* deal #URL#]]></document>
    <document><![CDATA[OnePlus 6 will be unveiled in all of its glory on May 16 #URL#]]></document>
    <document><![CDATA[Amazon is giving Alexa a kid-friendly personality #URL#]]></document>
    <document><![CDATA[Mercedes-Maybach concept car is electric, ultra-luxurious, and ready for tea time #URL#]]></document>
    <document><![CDATA[Save $100 on an iPad mini 4 at Walmart #URL#]]></document>
    <document><![CDATA[How to get your hands on 'God of War' and limited edition merchandise #URL#]]></document>
    <document><![CDATA[This robot pizza company's delivery trucks can now bake 120 pizzas per hour #URL#]]></document>
    <document><![CDATA['Black Mirror' has taken a part of London into the 1980s #URL#]]></document>
    <document><![CDATA[Student artist installs 'cry closet' at university library #URL#]]></document>
    <document><![CDATA[Referee apologises for missing handball, instantly becomes meme #URL#]]></document>
    <document><![CDATA[Referee apologises for missing handball, instantly becomes meme #URL#]]></document>
    <document><![CDATA[Watch space dust shoot around a comet as it tumbles through our solar system #URL#]]></document>
    <document><![CDATA[It's National DNA Day, which means AncestryDNA, 23andMe, Living DNA, and more are on sale #URL#]]></document>
    <document><![CDATA[You might enjoy 'Infinity War' more if you're not a hardcore Marvel fan #URL#]]></document>
    <document><![CDATA[How to get your hands on 'God of War' and limited edition merchandise #URL#]]></document>
    <document><![CDATA['Coco' and more of what's coming to Netflix in May #URL#]]></document>
    <document><![CDATA[All the very weird stuff you need to start an 'oddly satisfying' Instagram account #URL#]]></document>
    <document><![CDATA[This robot pizza company's delivery trucks can now bake 120 pizzas per hour #URL#]]></document>
    <document><![CDATA[Listen up: Lots of Bose headphones are currently on sale #URL#]]></document>
    <document><![CDATA[People are horny as hell for the new 'Venom' trailer #URL#]]></document>
    <document><![CDATA[Listen up: Lots of Bose headphones are currently on sale #URL#]]></document>
    <document><![CDATA[5 easy ways to clean your tech products #URL#]]></document>
    <document><![CDATA[Highly resourceful woman has the wildest birth story of all time #URL#]]></document>
    <document><![CDATA[Here's why the alt-right loves Kanye West #URL#]]></document>
    <document><![CDATA[Watch space dust shoot around a comet as it tumbles through our solar system #URL#]]></document>
    <document><![CDATA[It's National DNA Day, which means AncestryDNA, 23andMe, Living DNA, and more are on sale #URL#]]></document>
    <document><![CDATA[The Ultimate Lego Millennium Falcon is back in stock for Amazon Prime members only #URL#]]></document>
    <document><![CDATA['Simpsons' actor Hank Azaria said he's ready to step aside as Apu #URL#]]></document>
    <document><![CDATA[Google gun emoji becomes water pistol #URL#]]></document>
    <document><![CDATA[Why does everyone who's ever ghosted me still watch my Instagram Stories? #URL#]]></document>
    <document><![CDATA[This robot pizza company's delivery trucks can now bake 120 pizzas per hour #URL#]]></document>
    <document><![CDATA[Here&amp;#HASHTAG#;s why you&amp;#HASHTAG#;re getting all those terms of service update emails #URL#]]></document>
    <document><![CDATA[Mercedes-Maybach concept car is electric, ultra-luxurious, and ready for tea time #URL#]]></document>
    <document><![CDATA[Referee apologises for missing handball, instantly becomes meme #URL#]]></document>
    <document><![CDATA[2-year-old drummer is way, way too good at his instrument #URL#]]></document>
    <document><![CDATA['Coco' and more of what's coming to Netflix in May #URL#]]></document>
    <document><![CDATA[Mark Ruffalo shares the time Disney yelled at him for 'Thor: Ragnarok' spoilers #URL#]]></document>
    <document><![CDATA[Everyone (except Microsoft) is using the water pistol emoji now #URL#]]></document>
    <document><![CDATA[Amazon is giving Alexa a kid-friendly personality #URL#]]></document>
    <document><![CDATA[Google's big Gmail update makes your inbox smarter and more secure #URL#]]></document>
    <document><![CDATA[Google's big Gmail update makes your inbox smarter and more secure #URL#]]></document>
    <document><![CDATA[WhatsApp is banning teens under 16 in Europe ahead of privacy law changes #URL#]]></document>
    <document><![CDATA[People are horny as hell for the new 'Venom' trailer #URL#]]></document>
    <document><![CDATA[5 easy ways to clean your tech products #URL#]]></document>
    <document><![CDATA[For your entertainment, a long list of the funniest yearbook quotes #URL#]]></document>
    <document><![CDATA[The breakup phone cleanse: How we move on in a digital world #URL#]]></document>
    <document><![CDATA['Harry Potter: Hogwarts Mystery' let's you live your Hogwarts dreams #URL#]]></document>
    <document><![CDATA[The 'big story coming' tweets need to end #URL#]]></document>
    <document><![CDATA[For your entertainment, a long list of the funniest yearbook quotes #URL#]]></document>
    <document><![CDATA[OnePlus 6 will be unveiled in all of its glory on May 16 #URL#]]></document>
    <document><![CDATA[The 'big story coming' tweets need to end #URL#]]></document>
    <document><![CDATA[It's National DNA Day, which means AncestryDNA, 23andMe, Living DNA, and more are on sale #URL#]]></document>
    <document><![CDATA[Here&amp;#HASHTAG#;s why you&amp;#HASHTAG#;re getting all those terms of service update emails #URL#]]></document>
    <document><![CDATA[The breakup phone cleanse: How we move on in a digital world #URL#]]></document>
    <document><![CDATA[Fancy a French farm for free? #URL#]]></document>
    <document><![CDATA[How to get your hands on 'God of War' and limited edition merchandise #URL#]]></document>
    <document><![CDATA[Mark Ruffalo shares the time Disney yelled at him for 'Thor: Ragnarok' spoilers #URL#]]></document>
    <document><![CDATA[Pets with human names deserve their time to shine #URL#]]></document>
    <document><![CDATA[Congrats to Ben Platt on joining John Krasinski and Emily Blunt's marriage #URL#]]></document>
    <document><![CDATA[Subscription service Setapp is aiming to become the Netflix for Mac apps #URL#]]></document>
    <document><![CDATA[John Travolta is unrecognizable as stalker in Fred Durst movie 'Moose' #URL#]]></document>
    <document><![CDATA[Here's why the alt-right loves Kanye West #URL#]]></document>
    <document><![CDATA[Amazon daily deals for Wednesday, April 25: Instant Pots, Bose headphones, AncestryDNA kits… #URL#]]></document>
    <document><![CDATA[Here's why the alt-right loves Kanye West #URL#]]></document>
    <document><![CDATA[Mark Ruffalo shares the time Disney yelled at him for 'Thor: Ragnarok' spoilers #URL#]]></document>
    <document><![CDATA['Black Mirror' has taken a part of London into the 1980s #URL#]]></document>
    <document><![CDATA[9 drunk shopping purchases that you'll feel good about in the morning #URL#]]></document>
    <document><![CDATA[Galileo: UK plan to launch rival to EU sat-nav system #URL#]]></document>
    <document><![CDATA[WhatsApp is banning teens under 16 in Europe ahead of privacy law changes #URL#]]></document>
    <document><![CDATA[BuzzFeed partners with Netflix for documentary series #URL#]]></document>
    <document><![CDATA[Google's big Gmail update makes your inbox smarter and more secure #URL#]]></document>
    <document><![CDATA['Coco' and more of what's coming to Netflix in May #URL#]]></document>
    <document><![CDATA[2-year-old drummer is way, way too good at his instrument #URL#]]></document>
    <document><![CDATA[Watch space dust shoot around a comet as it tumbles through our solar system #URL#]]></document>
    <document><![CDATA[The 'big story coming' tweets need to end #URL#]]></document>
    <document><![CDATA[Here&amp;#HASHTAG#;s why you&amp;#HASHTAG#;re getting all those terms of service update emails #URL#]]></document>
    <document><![CDATA[All the very weird stuff you need to start an 'oddly satisfying' Instagram account #URL#]]></document>
    <document><![CDATA[Google's Gmail gets self-destruct option ahead of GDPR #URL#]]></document>
    <document><![CDATA[TSB is 'up and running' - for some #URL#]]></document>
    <document><![CDATA[You might enjoy 'Infinity War' more if you're not a hardcore Marvel fan #URL#]]></document>
    <document><![CDATA[Tensions are rising in 'Dear White People' Volume 2 trailer #URL#]]></document>
    <document><![CDATA[9 drunk shopping purchases that you'll feel good about in the morning #URL#]]></document>
    <document><![CDATA['Black Mirror' has taken a part of London into the 1980s #URL#]]></document>
    <document><![CDATA[9 drunk shopping purchases that you'll feel good about in the morning #URL#]]></document>
    <document><![CDATA[Everyone (except Microsoft) is using the water pistol emoji now #URL#]]></document>
    <document><![CDATA[The Ultimate Lego Millennium Falcon is back in stock for Amazon Prime members only #URL#]]></document>
    <document><![CDATA[Save $100 on an iPad mini 4 at Walmart #URL#]]></document>
    <document><![CDATA['Harry Potter: Hogwarts Mystery' let's you live your Hogwarts dreams #URL#]]></document>
    <document><![CDATA[Amazon Alexa to reward kids who say: 'Please' #URL#]]></document>
    <document><![CDATA[Congrats to Ben Platt on joining John Krasinski and Emily Blunt's marriage #URL#]]></document>
    <document><![CDATA[Amazon daily deals for Wednesday, April 25: Instant Pots, Bose headphones, AncestryDNA kits… #URL#]]></document>
    <document><![CDATA[For your entertainment, a long list of the funniest yearbook quotes #URL#]]></document>
    <document><![CDATA[WhatsApp is banning teens under 16 in Europe ahead of privacy law changes #URL#]]></document>
    <document><![CDATA[5 easy ways to clean your tech products #URL#]]></document>
    <document><![CDATA[Mercedes-Maybach concept car is electric, ultra-luxurious, and ready for tea time #URL#]]></document>
    <document><![CDATA['Avengers: Infinity War' cast play a hilariously awkward guessing game #URL#]]></document>
    <document><![CDATA[Pets with human names deserve their time to shine #URL#]]></document>
  </documents>
</author>
