<author lang="en">
  <documents>
    <document><![CDATA[This is the juicy behind the scenes scoop we live for #HASHTAG#]]></document>
    <document><![CDATA[RT #USER#: I would literally fight them!! #USER# #USER# #USER# #HASHTAG# #URL#]]></document>
    <document><![CDATA[This is the most pathetic thing I’ve ever seen #HASHTAG# #URL#]]></document>
    <document><![CDATA[#HASHTAG# reunions are at the bottom of the Bravo food chain]]></document>
    <document><![CDATA[RT #USER#: Danielle Staub, finding her next fiancé. #URL#]]></document>
    <document><![CDATA[Who would've thought I'd actually be excited to see DJ James Kennedy on my screen #HASHTAG#]]></document>
    <document><![CDATA[RT #USER#: LVP ran Brandi off of the show, it got super boring and then she quit and is acting like she was physically beaten off…]]></document>
    <document><![CDATA[#USER# It’s the lyrics of a song. Everyone’s always reaching smh 🤦🏽‍♀️]]></document>
    <document><![CDATA[I've literally seen elementary school plays more elaborate than this "proposal" #HASHTAG#]]></document>
    <document><![CDATA[RT #USER#: Vicki being “conservative”. #HASHTAG# #HASHTAG# #URL#]]></document>
    <document><![CDATA[RT #USER#: This case is heartbreaking. 💔Alabama has made some changes to their Habitual Felony Offender Laws but they weren’t retro…]]></document>
    <document><![CDATA[The SURvers are back with a ton of new faces #HASHTAG#]]></document>
    <document><![CDATA[RT #USER#: Happy birthday to the straw that stirs the drink, #USER#! #URL#]]></document>
    <document><![CDATA[#USER# #USER# #USER# What did Brandi say?]]></document>
    <document><![CDATA[RT #USER#: Downtown right now and nothing feels more unimportant than what we are doing today. This is absolutely terrible. Everyon…]]></document>
    <document><![CDATA[RT #USER#: Gonna tell my kids this was Romeo &amp; Juliet. #URL#]]></document>
    <document><![CDATA[RT #USER#: L*sa V*nd*rp*mp has really gone off the deep end since leaving #HASHTAG# #URL#]]></document>
    <document><![CDATA[MKE is a fucking queen #HASHTAG#]]></document>
    <document><![CDATA[RT #USER#: *please stand for the national anthem* #URL#]]></document>
    <document><![CDATA[RT #USER#: 👑Dorinda posting, “With my bestie! Ride I’d die got it” with a random W &amp; Carole tagged, even though it’s not Carole h…]]></document>
    <document><![CDATA[#USER# #USER# During the Napa trip]]></document>
    <document><![CDATA[RT #USER#: Leaving your home and getting back safely is such an underrated blessing.]]></document>
    <document><![CDATA[RT #USER#: No one:  Brandi Redmond of #HASHTAG#: #URL#]]></document>
    <document><![CDATA[#USER# You just better hope a bunch of cunty kids don’t come along and steal them]]></document>
    <document><![CDATA[RT #USER#: NOOOOOOOOOO #USER# #USER# #HASHTAG# #URL#]]></document>
    <document><![CDATA[#USER#  are you still friends with Linda Thompson?]]></document>
    <document><![CDATA[RT #USER#: Ramona’s comments to Bethenny while walking over the Brooklyn Bridge are some of the deeply hurtful things anyone has ever s…]]></document>
    <document><![CDATA[RT #USER#: me trying to keep track of everything that’s happening at #HASHTAG# #URL#]]></document>
    <document><![CDATA[Melissa not wanting her cast members to fight at her party is like going to the zoo and trying not to see a monkey #HASHTAG#]]></document>
    <document><![CDATA[RT #USER#: People conveniently forget that Real Housewives didn’t even have any drama until Tamra joined the show. She completely cha…]]></document>
    <document><![CDATA[Can someone give this bitch a diamond already because she's sleeping with married Housewives and tweeting them about eating her pussy #HASHTAG#]]></document>
    <document><![CDATA[At least Kelly and Shannon can agree on something #HASHTAG#]]></document>
    <document><![CDATA[The only person having a worse time on this boat than Abbi is Ashton's penis #HASHTAG#]]></document>
    <document><![CDATA[Jac is speaking FACTS about her former friend #HASHTAG#]]></document>
    <document><![CDATA[If I had to describe this commercial in one word it would be: disappointing #HASHTAG#]]></document>
    <document><![CDATA[RT #USER#: Candiace did tell Monique to drag her... 💀 #HASHTAG# #URL#]]></document>
    <document><![CDATA[#USER# New dp with the old header]]></document>
    <document><![CDATA[This may finally be watchable... #HASHTAG#]]></document>
    <document><![CDATA[RT #USER#: I’ve never said this about anyone before but you know what Ashton? You’re right. I’ve decided I actually do think I’m be…]]></document>
    <document><![CDATA[RT #USER#: Brandi when Denise told her she couldn’t eat her pussy angmore because it hurts her husband’s feelings. #HASHTAG# #URL#…]]></document>
    <document><![CDATA[RT #USER#: It's worse because Ashton isn't a fan of me and the boys are their minions. I'd rather have a pussy than be a pussy 💯😂 #…]]></document>
    <document><![CDATA[RT #USER#: Vanessa is a mother who is post-partum with an infant and has now lost her husband and daughter. As a woman, I can not ev…]]></document>
    <document><![CDATA[RT #USER#: SHAHS OF SUNSET TRAILER!!!!! 🚨(Via BravoBetch on IG) this looks WILD! #HASHTAG# #HASHTAG# #URL#]]></document>
    <document><![CDATA[This is a complete mess #HASHTAG#]]></document>
    <document><![CDATA[I no longer care about their stale storyline #HASHTAG#]]></document>
    <document><![CDATA[Eating food from the side of the street that's been sitting in the sun all day is just asking for diarrhea #HASHTAG#]]></document>
    <document><![CDATA[RT #USER#: “I don’t know who yelled it but someone was going to kill me” #URL#]]></document>
    <document><![CDATA[This Jersey girl is not holding back... #HASHTAG# #HASHTAG#]]></document>
    <document><![CDATA[RT #USER#: Why does Scheana have a bunch of fake bananas in her kitchen?   ... wait nevermind. #HASHTAG#]]></document>
    <document><![CDATA[RT #USER#: I know what a seafood extravaganza is #HASHTAG# #URL#]]></document>
    <document><![CDATA[RT #USER#: So #HASHTAG# has lost Vicki &amp; Tamra.   #HASHTAG# needs to let go of Erika, Teddi, and Denise.   #HASHTAG#: Nene &amp; Eva need to go!]]></document>
    <document><![CDATA[RT #USER#: BREAKING FROM #HASHTAG#: In 2020, Bravo is getting extra salty—#HASHTAG# is coming. More info: #URL# https://t.…]]></document>
    <document><![CDATA[RT #USER#: baby yoda would want you to leave Scientology #URL#]]></document>
    <document><![CDATA[RT #USER#: Excuse me why does this fit so well (wait for Chad towards the end) #HASHTAG# #URL#]]></document>
    <document><![CDATA[I think I just threw up in my mouth #HASHTAG#]]></document>
    <document><![CDATA[#USER# Omg where you going? Come to Melbourne!!]]></document>
    <document><![CDATA[RT #USER#: The Netflix documentary I want #HASHTAG# #HASHTAG# #URL#]]></document>
    <document><![CDATA[Tamra's bitchy sit down with Shannon was some of her best work #HASHTAG#]]></document>
    <document><![CDATA[RT #USER#: Please check out my newest scene recreation of the iconic #HASHTAG# fight between #USER# and #USER# because…]]></document>
    <document><![CDATA[RT #USER#: leeanne should wear the l’finity dress to the reunion and change styles every break. #HASHTAG#]]></document>
    <document><![CDATA[RT #USER#: Do not trust any "TV Moments of the Decade" lists that do not include this *glorious* minute of Alex and Simon McCord (!!!) o…]]></document>
    <document><![CDATA[The only thing higher than someone in Dorit Kemsley's bathroom is the Real Housewives divorce rate #HASHTAG#]]></document>
    <document><![CDATA[What did I just watch? #HASHTAG#]]></document>
    <document><![CDATA[#USER# How can there be a movie adaption of the musical, when the musical is based on a movie ???]]></document>
    <document><![CDATA[The "truth" is out there #HASHTAG#]]></document>
    <document><![CDATA[Thank fuck this season is over #HASHTAG#]]></document>
    <document><![CDATA[This is a step in the right direction... kind of #HASHTAG#]]></document>
    <document><![CDATA[The Hot Mess Express is chugging along... for now #HASHTAG#]]></document>
    <document><![CDATA[Everything we can expect from the upcoming #HASHTAG# sitdown]]></document>
    <document><![CDATA[Can these women go one season without the police getting involved? #HASHTAG#]]></document>
    <document><![CDATA[RT #USER#: The story behind #HASHTAG# and why you should care, a thread #URL#]]></document>
    <document><![CDATA[RT #USER#: Tell her about your behavior Tanner you fucking idiot! #HASHTAG#  #USER# #USER# #USER# #HASHTAG#…]]></document>
    <document><![CDATA[Check out our cast ranking of #HASHTAG# the season 7 crew]]></document>
    <document><![CDATA[RT #USER#: All the best dinners start with #USER# and end with a table flip, right #USER#? 😂 This is #HASHTAG#, how do YOU…]]></document>
    <document><![CDATA[It’s so cute that people really think she wasn’t planning this as soon as she saw the candle 😍 #URL#]]></document>
    <document><![CDATA[For an old man, Captain Lee knows his way around Twitter #HASHTAG#]]></document>
    <document><![CDATA[The full story of what happened when Jennifer asked Bev about her real name is WILD #HASHTAG#]]></document>
    <document><![CDATA[#USER# Looks like the end of the world omg! The fires have been crazy here in Aus, I can’t believe they’ve be… #URL#]]></document>
    <document><![CDATA[RT #USER#: Vanderpump Rules' Lala Kent Seated Near Meryl Streep at the SAG Awards #URL#]]></document>
    <document><![CDATA[LVP may be passionate about dogs, but I'm guessing she's not crazy about multiple lawsuits #HASHTAG#]]></document>
    <document><![CDATA[The skinnygirl mogul is speaking out #HASHTAG#]]></document>
    <document><![CDATA[Housewives smoking on camera (preferably during a breakdown or delusional rant) are a fucking MOOD… #URL#]]></document>
    <document><![CDATA[Would you expect anything else? #HASHTAG#]]></document>
    <document><![CDATA[RT #USER#: Ramona is high functioning Aspergers #URL#]]></document>
    <document><![CDATA[RT #USER#: Jackie’s ACTUAL pattern:  1) Tells Teresa the truth to her face unlike the rest of the cast.   2) Gets dragged for it b…]]></document>
    <document><![CDATA[RT #USER#: I updated this video montage of Bravolebrities accusing each other of doing cocaine to include Married to Medicine. Ha…]]></document>
    <document><![CDATA[#USER# I don’t think Teresa’s that smart...]]></document>
    <document><![CDATA[In the words of Bethenny Frankel: you need to get a hobby #HASHTAG#]]></document>
    <document><![CDATA[RT #USER#: I’ve been laughing for 10 mins straight😭 #URL#]]></document>
    <document><![CDATA[RT #USER#: Ugh I just can’t anymore!! #HASHTAG# #USER# #USER# #USER# #HASHTAG# #URL#]]></document>
    <document><![CDATA[RT #USER#: Not Eva taking all the food to go because she knows that production is paying for it and she ain’t got nothing in the fridge a…]]></document>
    <document><![CDATA[RT #USER#: I’d much rather see Marlo’s life as an auntie to her nephews than whatever 💤 Eva is doing which is absolutely nothin. This…]]></document>
    <document><![CDATA[#USER# I heard SLC isn’t coming until August/September, which makes sense since they’re still filming and Bravo… #URL#]]></document>
    <document><![CDATA[RT #USER#: Presenting: Each Franchise’s Biggest Struggle...  #HASHTAG# : rumors #HASHTAG# : loyalty #HASHTAG# : alcohol #HASHTAG# : shade #HASHTAG# :…]]></document>
    <document><![CDATA[RT #USER#: The best ⁦#USER#⁩ cover ever? #URL#]]></document>
    <document><![CDATA[RT #USER#: *BREAKING NEWS* Last night, Bravo may have been filming this vow renewal or wedding in Daybreak!. Check out our IG for…]]></document>
    <document><![CDATA[RT #USER#: Chiiiiiiile, the foreshadowing... #HASHTAG# #URL#]]></document>
    <document><![CDATA[RT #USER#: Le*Anne L*cken’s deranged wedding planner’s twitter bio made me lol. Oprah, the Obamas, the Bushes, and... a racist grif…]]></document>
    <document><![CDATA[RT #USER#: Ugh #HASHTAG# is going to be boring as shit next season and I’m already seeing LVP fans claim it’s because she’s gone when…]]></document>
    <document><![CDATA[RT #USER#: Kelly Dodd, taking down Vicki and Tamra. #HASHTAG# #HASHTAG# #URL#]]></document>
  </documents>
</author>
