<author lang="en">
  <documents>
    <document><![CDATA[UT faculty group to develop guidelines in wake of misconduct-AAS:#URL#]]></document>
    <document><![CDATA[Spring ISD Superintendent announces new specialty schools opening in 2020-2021-HC:#URL#]]></document>
    <document><![CDATA[San Antonio scholar could bring ‘healing’ to contentious Alamo makeover-SAEN:#URL#]]></document>
    <document><![CDATA[We recommend Shawn Thierry in Democratic primary for Texas House District 146-HC:#URL#]]></document>
    <document><![CDATA[‘Justice has been done’: Relatives of Oak Cliff massacre victims satisfied with killer’s execution-DMN:#URL#]]></document>
    <document><![CDATA[New Bail Laws Leading to Release of Dangerous Criminals, Some Prosecutors Say-Wall Street Journal:#URL#]]></document>
    <document><![CDATA[Sacrificing for veterans, children and second chances: Q&amp;A with Democratic congressional candidate David Anthony Ja… #URL#]]></document>
    <document><![CDATA[We recommend Alma Allen in Democratic primary for House District 131-HC:#URL#]]></document>
    <document><![CDATA[National firestorm on horizon as states consider criminalizing transgender treatments for youths-El Paso Times:#URL#]]></document>
    <document><![CDATA[UT Tyler receives approval for new education doctoral program-Tyler Morning Telegraph:#URL#]]></document>
    <document><![CDATA[We recommend Josh Markle in the Democratic primary for House District 128-HC:#URL#]]></document>
    <document><![CDATA[2020 Census: A federal effort that will need boots-on-the-ground help in Texas for success-Corpus Christi Caller Ti… #URL#]]></document>
    <document><![CDATA[Census Bureau says San Benito’s population is 24,500. Local leaders disagree.-Rio Grande Guardian:#URL#]]></document>
    <document><![CDATA[Embattled Moore offers reforms survivors need-AAS:#URL#]]></document>
    <document><![CDATA[This Black History Month, focus on what's in students' heads, not their hair-AAS:#URL#]]></document>
    <document><![CDATA[Paxton asks Supreme Court to block California’s ban on travel to Texas-AAS:#URL#]]></document>
    <document><![CDATA[Three Dallas Democrats vie to challenge Morgan Meyer in one of Texas’ most competitive state House races-DMN:#URL#]]></document>
    <document><![CDATA[Schools should reconsider active shooter drills, teacher unions say-HC:#URL#]]></document>
    <document><![CDATA[Texas House Rep. Tom Oliverson discusses health care legislation-HC:#URL#]]></document>
    <document><![CDATA[Head of Texas health agency resigns-AAS:#URL#]]></document>
    <document><![CDATA[Judge tosses out federal suit over handling of sexual assault cases-AAS:#URL#]]></document>
    <document><![CDATA[Census 2020 a chance for everyone to do their part-Lubbock Avalanche Journal:#URL#]]></document>
    <document><![CDATA[Medicaid cuts proposed for ‘health care vision’-DMN:#URL#]]></document>
    <document><![CDATA[Slain child’s family pushes for stronger gun laws on her 12th birthday-SAEN:#URL#]]></document>
    <document><![CDATA[Sema Hernandez looks to build on her 2018 Senate race-AAS:#URL#]]></document>
    <document><![CDATA[Judge prods courts to move on bail reform-SAEN:#URL#]]></document>
    <document><![CDATA[Analysis: The politics of paying one Texan’s local sales taxes to another Texan’s city-Victoria Advocate:#URL#]]></document>
    <document><![CDATA[University of Texas System announces plans for Tyler medical school-Longview News-Journal:#URL#]]></document>
    <document><![CDATA[Dudding, Rahman compete for Democratic nomination for District 14 seat-Bryan Eagle:#URL#]]></document>
    <document><![CDATA[2020 political pitch: End gerrymandering (cheating) once and all-Abilene Reporter-News:#URL#]]></document>
    <document><![CDATA[Cain backed by GOP House colleagues while challenger wins support of local officials-HC:#URL#]]></document>
    <document><![CDATA[Foundation pledges $80 million for medical school in Tyler-AAS:#URL#]]></document>
    <document><![CDATA[Adelfa Callejo statue moves one step closer to installation after Dallas council approves donation-DMN:#URL#]]></document>
    <document><![CDATA[A Texas sales tax rule hinges on a question: What’s local?-Longview News-Journal:#URL#]]></document>
    <document><![CDATA[Dallas teachers could get $28M more in stipends-DMN:#URL#]]></document>
    <document><![CDATA[2020 Census: Here's why Texans could be shortchanged and what can be done-Corpus Christi Caller Times:#URL#]]></document>
    <document><![CDATA[East Texas nonprofit gives $80 million for UT System’s proposed Tyler medical school-DMN:#URL#]]></document>
    <document><![CDATA[Trump endorses former Irving mayor Beth Van Duyne in heated Texas congressional primary-DMN:#URL#]]></document>
    <document><![CDATA[Big 12, NCAA urge senators to pass federal standard for student-athlete pay-DMN:#URL#]]></document>
    <document><![CDATA[Victoria lawsuit adds to growing statewide concerns about Harvey recovery money-Victoria Advocate:#URL#]]></document>
    <document><![CDATA[We recommend Ann Johnson in Democratic primary for House District 134-HC:#URL#]]></document>
    <document><![CDATA[Local governments need reimbursement for Imelda costs now-Beaumont Enterprise:#URL#]]></document>
    <document><![CDATA[Texas Comptroller proposing tweak to online sales tax revenues-McAllen Monitor:#URL#]]></document>
    <document><![CDATA[School updates safety plan after shooting-DMN:#URL#]]></document>
    <document><![CDATA[John Cornyn defends Trump’s firing of Sondland, Vindman: ‘That’s within his prerogative’-DMN:#URL#]]></document>
    <document><![CDATA[Learning, leading in battle to protect God-given liberties: Q&amp;A with Republican congressional candidate Renee Swann… #URL#]]></document>
    <document><![CDATA[Non-medical switching must remain a priority for Texas legislators-AAS:#URL#]]></document>
    <document><![CDATA[We recommend Larry Praeger in the Democratic primary for Texas Supreme Court Place 6-DMN:#URL#]]></document>
    <document><![CDATA[Angelo State ranked No. 1 in Texas for financial-aid offerings-San Angelo Standard Times:#URL#]]></document>
    <document><![CDATA[Which Texas colleges are the best at helping struggling students succeed? A new report offers a look-DMN:#URL#]]></document>
    <document><![CDATA[We recommend Mike Schofield in GOP primary for House District 132-HC:#URL#]]></document>
    <document><![CDATA[Congressman Thornberry endorses Winegarner in Texas 13 race-Wichita Falls Record News:#URL#]]></document>
    <document><![CDATA[Proposed Medicaid changes could drastically cut funding for Texas hospitals-HC:#URL#]]></document>
    <document><![CDATA[Analysis: Messing with elections messes with democracy-Victoria Advocate:#URL#]]></document>
    <document><![CDATA[GOP fractured in Central Texas congressional race-AAS:#URL#]]></document>
    <document><![CDATA[We recommend Tom Adair in the Democratic primary for Texas House District 67-DMN:#URL#]]></document>
    <document><![CDATA[Austin labor organizer looks to unseat Cornyn-SAEN:#URL#]]></document>
    <document><![CDATA[We recommend Milinda Morris in the GOP primary for Senate District 13-HC:#URL#]]></document>
    <document><![CDATA[Charter school backlash shows why Texas needs more oversight-Corpus Christi Caller Times:#URL#]]></document>
    <document><![CDATA[Violent crimes with homeless suspects, victims went up in 2019, data show-AAS:#URL#]]></document>
    <document><![CDATA[UH medical school granted accreditation, will start in July-HC:#URL#]]></document>
    <document><![CDATA[Matt Hirsch is leaving as Abbott’s communications chief-AAS:#URL#]]></document>
    <document><![CDATA[We recommend Dennis Paul in the GOP primary for state House District 129-HC:#URL#]]></document>
    <document><![CDATA[Forgey, Wymore lead our list of Texas House primary picks-AAS:#URL#]]></document>
    <document><![CDATA[Kay Granger faces tough Republican primary-FWST:#URL#]]></document>
    <document><![CDATA[Frisco students raise awareness of sex trafficking, earning the city a new designation for February-DMN:#URL#]]></document>
    <document><![CDATA[$3.2B county budget includes spending hikes-HC:#URL#]]></document>
    <document><![CDATA[Our recommendation in the Democratic Primary for Texas Supreme Court Place 8-DMN:#URL#]]></document>
    <document><![CDATA[After black student suspended over dreadlocks, some Texas lawmakers want to ban hair discrimination-SAEN:#URL#]]></document>
    <document><![CDATA[Presidential contender Michael Bloomberg rising in polls as he targets Texas, Super Tuesday states-DMN:#URL#]]></document>
    <document><![CDATA[House District 71 candidates, unchallenged in party primaries, gearing up for November-Abilene Reporter-News:#URL#]]></document>
    <document><![CDATA[Pushing ideas over ideology in troubled times: Q&amp;A with Democratic congressional candidate Rick Kennedy-Waco Tribun… #URL#]]></document>
    <document><![CDATA[Monique Worthy: 'You don't see real conservatives like me in Congress'-Wichita Falls Record News:#URL#]]></document>
    <document><![CDATA[Amanda Edwards is depending on the audacity of hope-AAS:#URL#]]></document>
    <document><![CDATA[Donegan brings pragmatic focus to sheriff’s race-AAS:#URL#]]></document>
    <document><![CDATA[Texas challenges California ban on travel to Lone Star State over religious beliefs law-FWST:#URL#]]></document>
    <document><![CDATA[Suspension of Barbers Hill ISD student over dreadlocks puts focus on hair discrimination-HC:#URL#]]></document>
    <document><![CDATA[We recommend Anna Eastman in the Democratic primary in state House District 148-HC:#URL#]]></document>
    <document><![CDATA[We recommend Garnet Coleman in the Democratic primary in state House District 147-HC:#URL#]]></document>
    <document><![CDATA[Let states try innovation on Medicaid-FWST:#URL#]]></document>
    <document><![CDATA[Contract dispute over mental health care services could leave thousands without aid in Dallas County-DMN:#URL#]]></document>
    <document><![CDATA[Our recommendation in the GOP primary for U.S. Senate-DMN:#URL#]]></document>
    <document><![CDATA[Affordability, accessibility should be priorities for housing-Lubbock Avalanche Journal:#URL#]]></document>
    <document><![CDATA[Bell-Metereau and Cotton best in SBOE primaries-SAEN:#URL#]]></document>
    <document><![CDATA[Money for Dems flows into Texas-SAEN:#URL#]]></document>
    <document><![CDATA[Texas GOP to primary candidates: Avoid bipartisan forums-AAS:#URL#]]></document>
    <document><![CDATA[Meet the candidates for Texas House District 60, covering eight Big Country counties-Abilene Reporter-News:#URL#]]></document>
    <document><![CDATA[Is bail reform the cause of Dallas’ climbing crime?-DMN:#URL#]]></document>
    <document><![CDATA[Texas asks Supreme Court to slash California travel ban against states with ‘discriminatory’ laws-SAEN:#URL#]]></document>
    <document><![CDATA[Norman Newton, who helped turn Texas Legislature red, dies at 77-AAS:#URL#]]></document>
    <document><![CDATA[Lax enforcement of campaign finance laws hurts voters-HC:#URL#]]></document>
    <document><![CDATA[Bell touts electability in Dems’ Senate race-AAS:#URL#]]></document>
    <document><![CDATA[In competitive Fort Worth-area Congress race, this candidate gives Democrats best shot-FWST:#URL#]]></document>
    <document><![CDATA[After losses in 2018, Republicans say Tarrant County is ‘ground zero’ in 2020 election-FWST:#URL#]]></document>
    <document><![CDATA[Panther Island, its funding are latest issues in Republican primary-FWST:#URL#]]></document>
    <document><![CDATA[Governor declares Smith and 21 other counties as drought disaster areas-Tyler Morning Telegraph:#URL#]]></document>
    <document><![CDATA[$38 million grant going to UTRGV School of Medicine-McAllen Monitor:#URL#]]></document>
    <document><![CDATA[In the Democratic primary for Chief Justice of the Texas Supreme Court, here’s our recommendation-DMN:#URL#]]></document>
    <document><![CDATA[I-45 project puts TxDOT’s long-sought freeway rebuild, city hopes for compromise on collision course-HC:#URL#]]></document>
    <document><![CDATA[We recommend Senfronia Thompson in Democratic primary for House District 141-HC:#URL#]]></document>
  </documents>
</author>
