<author lang="en">
  <documents>
    <document><![CDATA[#HASHTAG# How Did We Get Here? A Timeline of the Taylor Swift and Kanye West Drama #URL# #HASHTAG#]]></document>
    <document><![CDATA[#HASHTAG# Corinne Olympios Has a Reality Show in the Works! #URL# #HASHTAG#]]></document>
    <document><![CDATA[#HASHTAG# These Are the 15 Movies From the ’90s That You Need to Watch With Your Kids #URL# #HASHTAG#]]></document>
    <document><![CDATA[#HASHTAG# 6 Baby Food Delivery Kits That Will Make Your Life So Much Easier #URL# #HASHTAG#]]></document>
    <document><![CDATA[#HASHTAG# Everything We Know About Dancing With the Stars Season 25 #URL# #HASHTAG#]]></document>
    <document><![CDATA[#HASHTAG# Paris Hilton’s Miniature Mansion For Her Dogs Is the Most Paris Hilton Thing Ever #URL# #HASHTAG#]]></document>
    <document><![CDATA[#HASHTAG# The 35 Most Gorgeous Birth Photos Ever Taken #URL# #HASHTAG#]]></document>
    <document><![CDATA[#HASHTAG# Get the Fixer Upper Look For Less With These Rustic Ikea Decor Finds #URL# #HASHTAG#]]></document>
    <document><![CDATA[#HASHTAG# What Is the Most Anticipated Album of September 2017? Vote Now! #URL# #HASHTAG#]]></document>
    <document><![CDATA[#HASHTAG# ‘Game of Thrones:’ Let’s Just Bask in the Amazing Season 7 Costumes (Photos) #URL# #HASHTAG#]]></document>
    <document><![CDATA[#HASHTAG# Let’s Speculate Wildly About ‘Black Mirror’ Season 4 Based on Its Episode Titles #URL# #HASHTAG#]]></document>
    <document><![CDATA[#HASHTAG# I Slept With a Man Almost Twice My Age – Here’s What It Was Like #URL# #HASHTAG#]]></document>
    <document><![CDATA[#HASHTAG# Cookies &amp; “Scream” M&amp;M’s Are Here to Make This Halloween the Best Yet! #URL# #HASHTAG#]]></document>
    <document><![CDATA[#HASHTAG# Liam Hemsworth Heads to Malibu After Wrapping ‘Isn’t It Romantic’ #URL# #HASHTAG#]]></document>
    <document><![CDATA[#HASHTAG# Go Inside a Lunch Break Nose Job #URL# #HASHTAG#]]></document>
    <document><![CDATA[#HASHTAG# Jennifer Garner Takes in the Venice Beach Vibe With Her Family #URL# #HASHTAG#]]></document>
    <document><![CDATA[#HASHTAG# Nick Jonas Wasn’t Happy About Being Called Short By a Fan #URL# #HASHTAG#]]></document>
    <document><![CDATA[#HASHTAG# I Survived Whole30, and This Is Exactly How I Did It #URL# #HASHTAG#]]></document>
    <document><![CDATA[#HASHTAG# 1 Thing You Should Never Eat Right Before Running, According to a Run Coach #URL# #HASHTAG#]]></document>
    <document><![CDATA[#HASHTAG# The 50 Best Parenting Hacks You Need to Learn #URL# #HASHTAG#]]></document>
    <document><![CDATA[#HASHTAG# Fifth Harmony Drop Super Sultry ‘He Like That’ Video – Watch Now! #URL# #HASHTAG#]]></document>
    <document><![CDATA[#HASHTAG# Happy birthday Rubina Dilaik: Here’s how television’s Choti Bahu became its Shakti #URL# #HASHTAG#]]></document>
    <document><![CDATA[#HASHTAG# The Fastest Homemade Pumpkin Soup You’ll Ever Make #URL# #HASHTAG#]]></document>
    <document><![CDATA[#HASHTAG# Principal SLAMMED After Saying Leggings Make Girls Look Fat! #URL# #HASHTAG#]]></document>
    <document><![CDATA[#HASHTAG# ‘Game of Thrones:’ Watch The Hound and Tormund Sing a Pop Classic (Video) #URL# #HASHTAG#]]></document>
    <document><![CDATA[#HASHTAG# Big Brother 19 Spoilers: Week 9 Nomination Anticipation, Who Will Jason Dent Target For Eviction? #URL# #…]]></document>
    <document><![CDATA[#HASHTAG# Supermodel Claudia Schiffer Rocks a Tiny White Bikini While Boating in Italy #URL# #HASHTAG#]]></document>
    <document><![CDATA[#HASHTAG# 15 Things to Know Before You Go to Australia #URL# #HASHTAG#]]></document>
    <document><![CDATA[#HASHTAG# Sandy Hook Victim’s Sister Slams Scott Baio: ‘His Apology Is Not Real’ #URL# #HASHTAG#]]></document>
    <document><![CDATA[#HASHTAG# What Is the Most Anticipated Album of September 2017? Vote Now! #URL# #HASHTAG#]]></document>
    <document><![CDATA[#HASHTAG# Emma Stone &amp; Jonah Hill Bring Back the ’80s on ‘Maniac’ Set #URL# #HASHTAG#]]></document>
    <document><![CDATA[#HASHTAG# 15 Incredibly Sexy GIFs of Shakira Belly Dancing #URL# #HASHTAG#]]></document>
    <document><![CDATA[#HASHTAG# Everything We Know About Dancing With the Stars Season 25 #URL# #HASHTAG#]]></document>
    <document><![CDATA[#HASHTAG# Nathalie Emmanuel Debunks ‘Game of Thrones’ Theories for RAW! (Video) #URL# #HASHTAG#]]></document>
    <document><![CDATA[#HASHTAG# Jay Z Explains Why He &amp; Beyonce Named Their Twins Rumi &amp; Sir #URL# #HASHTAG#]]></document>
    <document><![CDATA[#HASHTAG# Bollywood Celebs REACTS To Ram Rahim Singh’s Conviction In Rape Case #URL# #HASHTAG#]]></document>
    <document><![CDATA[#HASHTAG# Colton Haynes Bares His ‘Full Moon’ in His Birthday Suit #URL# #HASHTAG#]]></document>
    <document><![CDATA[#HASHTAG# 9 Crazy VMAs Moments That Have Taught Us to Expect the Unexpected #URL# #HASHTAG#]]></document>
    <document><![CDATA[#HASHTAG# The 54 New Movies You Need to Watch on Netflix in September #URL# #HASHTAG#]]></document>
    <document><![CDATA[#HASHTAG# 15 Incredibly Sexy GIFs of Shakira Belly Dancing #URL# #HASHTAG#]]></document>
    <document><![CDATA[#HASHTAG# ‘All Saints’ Review: John Corbett’s Cranky Cleric Dominates Faith-Based Drama #URL# #HASHTAG#]]></document>
    <document><![CDATA[#HASHTAG# Taylor Swift Partners With UPS Ahead of ‘Reputation’ Release – Watch Her Creepy Ad! #URL# #HASHTAG#]]></document>
    <document><![CDATA[#HASHTAG# Ice Cube on American Racism: ‘Trump Is Creating a Real Fire’ #URL# #HASHTAG#]]></document>
    <document><![CDATA[#HASHTAG# John Mayer Basically Asks Out Erin Foster on Instagram, She Responds #URL# #HASHTAG#]]></document>
    <document><![CDATA[#HASHTAG# Texas Woman Interrupts Fox News Reporter During Hurricane Harvey, Hands Him a Six-Pack (Video) #URL# #HASHTAG#…]]></document>
    <document><![CDATA[#HASHTAG# Director Mike Burstyn’s ‘Azimuth’ Distills a Lifetime of Wisdom About the Middle East (Guest Blog) #URL# …]]></document>
    <document><![CDATA[#HASHTAG# Chester Bennington’s Ex-Wife Puts Funeral Organizers on Blast: ‘I’m So Disgusted!’ #URL# #HASHTAG#]]></document>
    <document><![CDATA[#HASHTAG# Ice Cube on American Racism: ‘Trump Is Creating a Real Fire’ #URL# #HASHTAG#]]></document>
    <document><![CDATA[#HASHTAG# Go Inside a Lunch Break Nose Job #URL# #HASHTAG#]]></document>
    <document><![CDATA[#HASHTAG# 15 of Queen Elizabeth’s Diamonds That You Have to See to Believe #URL# #HASHTAG#]]></document>
    <document><![CDATA[#HASHTAG# 8 Ikea Desk Hacks That Will Take Your Breath Away #URL# #HASHTAG#]]></document>
    <document><![CDATA[#HASHTAG# Why It’s Worth Comparing Trump’s Women’s Equality Day Proclamation to Obama’s in 2016 #URL# #HASHTAG#]]></document>
    <document><![CDATA[#HASHTAG# John Mayer Basically Asks Out Erin Foster on Instagram #URL# #HASHTAG#]]></document>
    <document><![CDATA[#HASHTAG# 30 Game of Thrones Costumes For Couples Who Want to Rule the 7 Kingdoms Together #URL# #HASHTAG#]]></document>
    <document><![CDATA[#HASHTAG# Alessandra Ambrosio Wore the 1 Monokini You Need to Show Off Your Curves #URL# #HASHTAG#]]></document>
    <document><![CDATA[#HASHTAG# Conor McGregor &amp; Floyd Mayweather Face Off at the Weigh-Ins Ahead of Big Fight #URL# #HASHTAG#]]></document>
    <document><![CDATA[#HASHTAG# Game of Thrones: You’ll Need a Tall Glass of Ale After Seeing The Hound in Real Life #URL# #HASHTAG#]]></document>
    <document><![CDATA[#HASHTAG# The All-Star Eye Makeup Removers You Need in Your Beauty Lineup #URL# #HASHTAG#]]></document>
    <document><![CDATA[#HASHTAG# This Pool Float Totally Throws Shade at Those Trendy Inflatable Swans – and We Love It #URL# #HASHTAG#]]></document>
    <document><![CDATA[#HASHTAG# Natalie Portman Reveals Five Items She Can’t Live Without #URL# #HASHTAG#]]></document>
    <document><![CDATA[#HASHTAG# Ice Cube on BIG3 Championship, Champagne Celebrations and if Lamar Odom Will Ever Play #URL# #HASHTAG#]]></document>
    <document><![CDATA[#HASHTAG# Ryan Gosling Hits Up His Favorite Lunch Spot in LA! #URL# #HASHTAG#]]></document>
    <document><![CDATA[#HASHTAG# Taylor Swift’s Album Release Not Related to Anniversary of Death of Kanye West’s Mom #URL# #HASHTAG#]]></document>
    <document><![CDATA[#HASHTAG# Emma Roberts Looks Cute in Denim While Grocery Shopping #URL# #HASHTAG#]]></document>
    <document><![CDATA[#HASHTAG# Praise the Lord! Too Faced Is Launching a Unicorn Survival Kit For Holiday 2017! #URL# #HASHTAG#]]></document>
    <document><![CDATA[#HASHTAG# Taylor Swift Goes Dark in the First Glimpse of Her “Look What You Made Me Do” Video #URL# #HASHTAG#]]></document>
    <document><![CDATA[#HASHTAG# Ryan Gosling Hits Up His Favorite Lunch Spot in LA! #URL# #HASHTAG#]]></document>
    <document><![CDATA[#HASHTAG# 9 Crazy VMAs Moments That Have Taught Us to Expect the Unexpected #URL# #HASHTAG#]]></document>
    <document><![CDATA[#HASHTAG# 5 Reasons Pretty Girls Are Still Single #URL# #HASHTAG#]]></document>
    <document><![CDATA[#HASHTAG# Tone Those Triceps With These 6 Effective Exercises #URL# #HASHTAG#]]></document>
    <document><![CDATA[#HASHTAG# August 25, 2017: Tonight, it’s the Dark Matter season 3 finale!  At 9/8C on SYFY and Space Channel! #URL#…]]></document>
    <document><![CDATA[#HASHTAG# Get the Fixer Upper Look For Less With These Rustic Ikea Decor Finds #URL# #HASHTAG#]]></document>
    <document><![CDATA[#HASHTAG# How to Win Free Tarte Products For the Rest of Your Makeup-Loving Life #URL# #HASHTAG#]]></document>
    <document><![CDATA[#HASHTAG# ‘All Saints’ Review: John Corbett’s Cranky Cleric Dominates Faith-Based Drama #URL# #HASHTAG#]]></document>
    <document><![CDATA[#HASHTAG# Jimmy Kimmel &amp; Jay Leno Ended Beef After Jimmy’s Son’s Open Heart Surgery #URL# #HASHTAG#]]></document>
    <document><![CDATA[#HASHTAG# Trump Pardons Sheriff Joe Arpaio, Enemy of Immigrants and Cockfights #URL# #HASHTAG#]]></document>
    <document><![CDATA[#HASHTAG# Sebastian Gorka Resigns From Trump Administration #URL# #HASHTAG#]]></document>
    <document><![CDATA[#HASHTAG# Look Back at Katy Perry’s Most Exciting VMAs Moments #URL# #HASHTAG#]]></document>
    <document><![CDATA[#HASHTAG# Scarlett Johansson Hangs With Colin Jost at Dave Chapelle’s Birthday Party! #URL# #HASHTAG#]]></document>
    <document><![CDATA[#HASHTAG# Here’s What Happens When You Quit Drinking #URL# #HASHTAG#]]></document>
    <document><![CDATA[#HASHTAG# Hailey Baldwin Celebrates Sofia Richie’s Birthday With Kendall Jenner! #URL# #HASHTAG#]]></document>
    <document><![CDATA[#HASHTAG# ‘Game of Thrones’ 15 Most Memorable Sex Scenes (Photos) #URL# #HASHTAG#]]></document>
    <document><![CDATA[#HASHTAG# You Decide: Are Taylor Swift’s Edgy Nails a Dig at Kim and Kanye? #URL# #HASHTAG#]]></document>
    <document><![CDATA[#HASHTAG# Remembering Hrishikesh Mukherjee on his death anniversary: The gentle and professorial auteur of warm-hearted comedies …]]></document>
    <document><![CDATA[#HASHTAG# 15 of Queen Elizabeth’s Diamonds That You Have to See to Believe #URL# #HASHTAG#]]></document>
    <document><![CDATA[#HASHTAG# Chick-fil-A Removes Chicken Salad From Its Menus, but There’s Good News! #URL# #HASHTAG#]]></document>
    <document><![CDATA[#HASHTAG# Scarlett Johansson Hangs With Colin Jost at Dave Chapelle’s Birthday Party! #URL# #HASHTAG#]]></document>
    <document><![CDATA[#HASHTAG# The Night King Needs to Become Just Another Player in the Game of Thrones (Commentary) #URL# #HASHTAG#]]></document>
    <document><![CDATA[#HASHTAG# The 5 Things Interior Designers Always Notice in Your Home #URL# #HASHTAG#]]></document>
    <document><![CDATA[#HASHTAG# 11 Time-Saving Cleaning Products House Cleaners Swear By #URL# #HASHTAG#]]></document>
    <document><![CDATA[#HASHTAG# Kylie Jenner’s ‘First Super Nude Shoot’ Has Social Media Split Between Pity and Praise #URL# #HASHTAG#]]></document>
    <document><![CDATA[#HASHTAG# Dwayne Johnson Hilariously Pranks Fans Looking for an Autograph (Video) #URL# #HASHTAG#]]></document>
    <document><![CDATA[#HASHTAG# The Rock Punks Autograph-Seeking Fans, Admits ‘I’m an A–hole’ (Video) #URL# #HASHTAG#]]></document>
    <document><![CDATA[#HASHTAG# Don’t Let the Word “Vegan” Scare You – This Cheese-Less Pizza Is Delicious #URL# #HASHTAG#]]></document>
    <document><![CDATA[#HASHTAG# Candy Corn Shots, Anyone? Your Halloween Party Needs These Recipes! #URL# #HASHTAG#]]></document>
    <document><![CDATA[#HASHTAG# How to Win Free Tarte Products For the Rest of Your Makeup-Loving Life #URL# #HASHTAG#]]></document>
    <document><![CDATA[#HASHTAG# Nick Jonas Isn’t Happy About a Fan Calling Him Short on Instagram #URL# #HASHTAG#]]></document>
    <document><![CDATA[#HASHTAG# 7 Foods From Magic Kingdom That Will Make Your Disney World Trip Even More Enchanting #URL# #HASHTAG#]]></document>
    <document><![CDATA[#HASHTAG# You Decide: Are Taylor Swift’s Edgy Nails a Dig at Kim and Kanye? #URL# #HASHTAG#]]></document>
    <document><![CDATA[#HASHTAG# ‘Bachelor in Paradise’ Star Corinne Olympios Teases 2 New TV Projects #URL# #HASHTAG#]]></document>
  </documents>
</author>
