<author lang="en">
  <documents>
    <document><![CDATA[7 Celebrities That Would Show You How To Rock Berets With Style (PHOTOS) - #URL# #URL#]]></document>
    <document><![CDATA[13 Photos Of Mo Abudu That Show She Is Elegant In Whatever She Wears - #URL# #URL#]]></document>
    <document><![CDATA[The beauty and colour of Northern and Yoruba Culture Wedding!! Exquisite photos from Fatima Ganduje &amp; Abolaji Ajimo… #URL#]]></document>
    <document><![CDATA[Nigerian lady shares story of how she bought a house in Canada after years of hard work, says she sold sachet water… #URL#]]></document>
    <document><![CDATA[30 Super Hot Ankara Tops You Need To Rock (PHOTOS) - #URL# #URL#]]></document>
    <document><![CDATA[Can people really get paid for shopping? They do -- here's how to make it work - #URL# #USER# #URL#]]></document>
    <document><![CDATA[60 Latest Aso Ebi Styles (PHOTOS) #URL# MaDailyGist]]></document>
    <document><![CDATA[Still looking for something  to wear? See these 6 Sexy Figure Hugging Dresses For The Classy Woman  (PHOTOS) -… #URL#]]></document>
    <document><![CDATA[Actress Toyin Abraham breaks down in tears during her father’s service of songs (photos) - #URL# #URL#]]></document>
    <document><![CDATA[Woowwwww!! These Lovely Ankara Styles Schooled Abroad! (PHOTOS) - #URL# #URL#]]></document>
    <document><![CDATA[ICYMI: Odunlade Adekola – All you need to know about the richest Yoruba actor, Top facts about his success… #URL#]]></document>
    <document><![CDATA[NUJ Rejects Bill on Hate Speech, Wants N’Assembly to Throw it Away – Thisdaylive NewsPaper #URL#… #URL#]]></document>
    <document><![CDATA[These season, Ankara styles flooding the street are just too fab, Check out  The Fabulous And The Latest Ankara Sty… #URL#]]></document>
    <document><![CDATA[Odunlade Adekola – All you need to know about the richest Yoruba actor, Top facts about his success #URL# MaDailyGist]]></document>
    <document><![CDATA[This weekend will be lit and there will be plenty turn up - Turn Up To Your Weekend Owambe Parties in these Fab Aso… #URL#]]></document>
    <document><![CDATA[Klopp explains why there is ‘no chance’ he’ll do a Fergie – Football365 #URL# MaDailyGist]]></document>
    <document><![CDATA[Nigerian lady shares story of how she bought a house in Canada after years of hard work, says she sold sachet water… #URL#]]></document>
    <document><![CDATA[Land Use Charge: We don’t trust Ambode – NBA rejects 50 percent slash – Daily Post NewsPaper… #URL#]]></document>
    <document><![CDATA[These Throwback Photos Of Funke Akindele Bello And Iyabo Ojo Show How Youthful They Were (PHOTOS)… #URL#]]></document>
    <document><![CDATA[Flooding: Bayelsa Lawmakers Solicit Govt Help for Affected Communities – Thisdaylive NewsPaper… #URL#]]></document>
    <document><![CDATA[Richest people in Nigeria who are still below 20 years and earning millions (PICS) #URL# MaDailyGist]]></document>
    <document><![CDATA[30 Stylish, Glamorous, and Timeless Ankara Styles (PHOTOS) - #URL# #URL#]]></document>
    <document><![CDATA[You Need To See these 35 Latest, Sweet and Beautiful Ankara Styles (PHOTOS) - #URL# #URL#]]></document>
    <document><![CDATA[The beauty and colour of Northern and Yoruba Culture Wedding!! Exquisite photos from Fatima Ganduje &amp; Abolaji Ajimo… #URL#]]></document>
    <document><![CDATA[Pictures from billionaire daughter, Fatima Dangote’s wedding to Jamil Abubakar #URL# MaDailyGist #URL#]]></document>
    <document><![CDATA[#HASHTAG#: BamBam’s Church Member Reacts To Her Toilet Sex With Teddy A - WATCH VIDEO - #URL# #URL#]]></document>
    <document><![CDATA[Ambode Vs Ajah People – Thisdaylive NewsPaper #URL# MaDailyGist #URL#]]></document>
    <document><![CDATA[REVEALED: Ray Hushpuppi Net Worth, Cars &amp; Biography 2018 (PHOTOS) - #URL# #URL#]]></document>
    <document><![CDATA[Top 10 most beautiful Yoruba actresses (PHOTOS) - #URL# #URL#]]></document>
    <document><![CDATA[Photos From Actress Mercy Aigbe’s Boutique Mag Diva Branch Launch In Ibadan - #URL# #URL#]]></document>
    <document><![CDATA[The body on this Instagram model is causing confusion among men (PHOTOS) - #URL# #URL#]]></document>
    <document><![CDATA[80-Year-Old Alaafin Of Oyo Celebrates Birth Of Another Set Of Twins With One Of His Young Wives (PHOTOS) -… #URL#]]></document>
    <document><![CDATA[Meet Adekunle Gold’s late sister, she died of heart-related diseases (photo) - #URL# #URL#]]></document>
    <document><![CDATA[Man battles with snake that tried to gain entry into his room at night - #URL# #URL#]]></document>
    <document><![CDATA[Nigerian Lady trapped in traffic gives birth inside a car (photos) - #URL# #URL#]]></document>
    <document><![CDATA[These Identical Twin Sisters Got Married on the Same Day! Yode &amp; Tanimomo + Bade &amp; Olayide’s Wedding… #URL#]]></document>
    <document><![CDATA[Banker commits suicide over alleged husband infidelity - Punch Newspapers - #URL# #URL#]]></document>
    <document><![CDATA[Photos From Actress Mercy Aigbe’s Boutique Mag Diva Branch Launch In Ibadan - #URL# #URL#]]></document>
    <document><![CDATA[Ladies here are the 12 trending Nigerian hairstyles you need to try (PHOTOS) - #URL# #URL#]]></document>
    <document><![CDATA[Nigerian singer Chidinma releases new photos and she looks amazing (Photos) - #URL# #URL#]]></document>
    <document><![CDATA[Alaafin Of Oyo Welcomes Another Set Of Twins, One Week After Welcoming One With Last Wife + Meet Alaafin of Oyo's C… #URL#]]></document>
    <document><![CDATA[Lady shocked after finding out her little sister sleeps with her husband - #URL# #URL#]]></document>
    <document><![CDATA[After her boyfriend rejected her proposal in a mall, check out what the young lady said about the whole event – Wat… #URL#]]></document>
    <document><![CDATA[Retired slay queen tells the story of how she went from club to Christ - #URL# #URL#]]></document>
    <document><![CDATA[#HASHTAG#: BamBam’s parents furious, wants her home with immediate effect – Family Friend claims (PICS) -… #URL#]]></document>
    <document><![CDATA[Ayiri Emami’s ★ net worth and his path of success – See photos of his Mansion, Expensive cars and more… #URL#]]></document>
    <document><![CDATA[Ladies here are the Top 7 ★Ghana Weaving styles★ in 2018 (PHOTOS) #URL# MaDailyGist #URL#]]></document>
    <document><![CDATA[Ma Story - “I saw used condom at my girlfriend's home, should I break up with her?” - #URL# #URL#]]></document>
    <document><![CDATA[Lady's sugar daddy stands as family member at her court wedding - #URL# #URL#]]></document>
    <document><![CDATA[Checkout beautiful pre-wedding photos of billionaire daughter, Fatima Dangote and her fiance, Jamil Abubakar (PHOTO… #URL#]]></document>
    <document><![CDATA[THE BEST ASO EBI STYLES FROM THIS PAST WEEKEND #URL# MaDailyGist #URL#]]></document>
    <document><![CDATA[30 top trendiest natural hairstyles of this year for middle-length hair! (PHOTOS) - #URL# #URL#]]></document>
    <document><![CDATA[2019: APC knows its defeat looms – PDP chairman, Secondus – Daily Post NewsPaper #URL# MaDailyGist #URL#]]></document>
    <document><![CDATA[ICYMI: THE BEST ASO EBI STYLES FROM THIS PAST WEEKEND #URL# MaDailyGist #URL#]]></document>
    <document><![CDATA[You Will Drool At These Lovely Kids Styles (PHOTOS) #URL# MaDailyGist #URL#]]></document>
    <document><![CDATA[Beautiful Photos From Ghanaian Actress Juliet Ibrahim’s Pre-Birthday Photo Shoot - #URL# #URL#]]></document>
    <document><![CDATA[Police kill notorious Port Harcourt kidnap kingpin – Official – Premium Times Newspaper #URL# MaDailyGist]]></document>
    <document><![CDATA[These Sexy Lace Aso Ebi Styles Are Sugar And Spice, Everything Nice! - #URL# #URL#]]></document>
    <document><![CDATA[Local Content Campaign in Aviation – Thisdaylive NewsPaper #URL# MaDailyGist #URL#]]></document>
    <document><![CDATA[Instagram star, Roman Goddess Flaunts N1million she made in a single trip to Abuja (PHOTOS) -… #URL#]]></document>
    <document><![CDATA[Top designs of Igbo native outfits for children (PHOTOS) #URL# MaDailyGist #URL#]]></document>
    <document><![CDATA[Ebony’s father to sue mortuary and man who was caught touching her private parts (PHOTOS) - #URL# #URL#]]></document>
    <document><![CDATA[Top 5 Richest Yoruba actress in Nigeria 2017 - See how much they made (PHOTOS) - #URL# #URL#]]></document>
    <document><![CDATA[You Can’t Beat These Ankara Styles Fashion Game (PHOTOS) - #URL# #URL#]]></document>
    <document><![CDATA[First Look at Oluwadamilola Osinbajo and Oluseun Bakare’s Traditional Engagement (PHOTOS) - #URL# #URL#]]></document>
    <document><![CDATA[Top 10 best secondary schools in Nigeria - See the cost of school fees per year - #URL# #URL#]]></document>
    <document><![CDATA[“I don catch fresh fish” – Uriel Oputa says about her new man. (Photos) - #URL# #URL#]]></document>
    <document><![CDATA[Michelle Obama, Beyonce and 9 American Celebrities That Look Great Wearing Ankara (PHOTOS) #URL#… #URL#]]></document>
    <document><![CDATA[Ladies!! Be the first to rock these latest African gown styles (PHOTOS) - #URL# #URL#]]></document>
    <document><![CDATA[Mercy Aigbe rocks natural hair and no make up in cute new photos (PICS) - #URL# #URL#]]></document>
    <document><![CDATA[Photos From The Naming Ceremony Of 80 Year Old Alaafin Of Oyo’s Twins. - #URL# #URL#]]></document>
    <document><![CDATA[10 romantic photos of Mr. Eazi and Billionaire's daughter, Temi Otedola  (PHOTOS) - #URL# #URL#]]></document>
    <document><![CDATA[Lady shocked after finding out her little sister sleeps with her husband - #URL# #URL#]]></document>
    <document><![CDATA[Drive her Crazy!! Best Romantic text messages to make her smile - #URL# #URL#]]></document>
    <document><![CDATA[Can people really get paid for shopping? They do — here’s how to make it work #URL# MaDailyGist #URL#]]></document>
    <document><![CDATA[Man battles with snake that tried to gain entry into his room at night - #URL# #URL#]]></document>
    <document><![CDATA[ICYMI: Sometimes, The Groom’s Friends Styles Slay Too! (PHOTOS) #URL# MaDailyGist #URL#]]></document>
    <document><![CDATA[Imparting Vocational Skills – Thisdaylive NewsPaper #URL# MaDailyGist]]></document>
    <document><![CDATA[Sometimes, The Groom’s Friends Styles Slay Too! (PHOTOS) #URL# MaDailyGist #URL#]]></document>
    <document><![CDATA[Osun: Towards a worthy successor  – The Guardian NewsPaper #URL# MaDailyGist #URL#]]></document>
    <document><![CDATA[Richest people in Nigeria who are still below 20 years and earning millions (PICS) - #URL# #URL#]]></document>
    <document><![CDATA[Ooni of Ife’s assets and luxury life – See Photos of his Palace, Rolls Royce and Much More (PHOTOS)… #URL#]]></document>
    <document><![CDATA[Former Lagos police commissioner, Arabamen is dead – Daily Post NewsPaper #URL# MaDailyGist #URL#]]></document>
    <document><![CDATA[First Look at Oluwadamilola Osinbajo and Oluseun Bakare’s Traditional Engagement (PHOTOS) #URL# M… #URL#]]></document>
    <document><![CDATA[The beauty and colour of Northern and Yoruba Culture Wedding!! Exquisite photos from Fatima Ganduje &amp; Abolaji Ajimo… #URL#]]></document>
    <document><![CDATA[25 People Killed as Herdsmen Invade Kogi Villages – Thisdaylive NewsPaper #URL# MaDailyGist]]></document>
    <document><![CDATA[Odunlade Adekola - All you need to know about the richest Yoruba actor, Top facts about his success -… #URL#]]></document>
    <document><![CDATA[Don Jazzy reacts to video of couple having sex in Lagos Cinema (PICS) #URL# MaDailyGist]]></document>
    <document><![CDATA[NUJ Rejects Bill on Hate Speech, Wants N’Assembly to Throw it Away – Thisdaylive NewsPaper #URL#… #URL#]]></document>
    <document><![CDATA[ICYMI: After her boyfriend rejected her proposal in a mall, check out what the young lady said about the whole even… #URL#]]></document>
    <document><![CDATA[Adeshewa and Laolu’s Beautiful Pre-Wedding Shoot + Love Story #HASHTAG# (PHOTOS) #URL# MaDailyGist #URL#]]></document>
    <document><![CDATA[Nigerians give 5 amazing reasons why some ladies love bad boys - #URL# #URL#]]></document>
    <document><![CDATA[ICYMI: Nigerian lady shares story of how she bought a house in Canada after years of hard work, says she sold sache… #URL#]]></document>
    <document><![CDATA[ICYMI: Michelle Obama, Beyonce and 9 American Celebrities That Look Great Wearing Ankara (PHOTOS)… #URL#]]></document>
    <document><![CDATA[Useful tips on how to get money from a man #URL# MaDailyGist #URL#]]></document>
    <document><![CDATA[Channel Your Inner Boss Lady In These Stylish Corporate Wears (PHOTOS) - #URL# #URL#]]></document>
    <document><![CDATA[Nigerian big boy, Escoba Smith surprises wife with brand new car as early birthday gift (Photos) -… #URL#]]></document>
    <document><![CDATA[Williams Uchemba acquires new home in the United States (photos) - #URL# #URL#]]></document>
    <document><![CDATA[Checkout these 15 Short, Simple And Sweet Ankara Styles (PHOTOS) - #URL# #URL#]]></document>
    <document><![CDATA[New Lovely Photos Of Plus-Sized Woman And Her Slim Husband Who Went Viral With Their Pre-Wedding Photos (PHOTOS) -… #URL#]]></document>
  </documents>
</author>
