<author lang="en">
  <documents>
    <document><![CDATA[RT #USER#: John Kerry has endorsed Joe Biden. #URL#]]></document>
    <document><![CDATA[#USER# #USER# Jesus' (in the flesh) lived long after the prophet Moses.]]></document>
    <document><![CDATA[RT #USER#: thanks for the ride!! #URL#]]></document>
    <document><![CDATA[#USER# #USER# LOL  Deuteronomy was written long before Jesus was born.]]></document>
    <document><![CDATA[#USER# #USER# Witnesses..?? Testify Soros! #URL#]]></document>
    <document><![CDATA[#USER# Debbie Wasserman Schultz was Chair of the Democratic National Committee until just before the convention in Philadelphia.]]></document>
    <document><![CDATA[RT #USER#: Germany: Green Party wants to hand out passports to ‘climate refugees’  #URL# #URL#]]></document>
    <document><![CDATA[#USER# Xenophobia?  Mecca and Medina do not admit entry to Jews, Hindus, Buddhists, Shintos, Christians, anim… #URL#]]></document>
    <document><![CDATA[#USER# #USER# #USER# #USER# #USER# I'm going to be president! #URL#]]></document>
    <document><![CDATA[#USER# #USER# You have not familiar with the history of Muslim conquests.]]></document>
    <document><![CDATA[#USER# Export more layabouts and latent jihadis.]]></document>
    <document><![CDATA[RT #USER#: Since so-called "feminist groups" won't stand up for women's rights, glad state lawmakers are. This is a long time com…]]></document>
    <document><![CDATA[RT #USER#: "Ring of fire" solar eclipse captured in stunning photos from around the world #URL# #URL#]]></document>
    <document><![CDATA[RT #USER#: #USER# You can't cover this one enough... #URL#]]></document>
    <document><![CDATA[#USER# #USER# No one was ever killed using the New Testament Jesus as their example.]]></document>
    <document><![CDATA[#USER# If you loved the Mueller report you're begging to hear Joe Malarkey testify! #URL#]]></document>
    <document><![CDATA[#USER# #USER# Moses!  Moses is a prophet recognized by Muslims.  Moses led "The People of The Book" or the Jews… #URL#]]></document>
    <document><![CDATA[#USER# #USER# 700-720 AD  Abd al-Malik singles out Christians for forced conversion to Islam or death - often by crucifixion.]]></document>
    <document><![CDATA[#USER# #USER# Key conspirators may have hoped to use McCain as a means of distancing Democrsts from… #URL#]]></document>
    <document><![CDATA[#USER# Babe, it could be worse. #URL#]]></document>
    <document><![CDATA[#USER# #USER# Atheists claim there is no God.  Atheists, however, have had to borrow their code of ethics from the Ten Commandments.]]></document>
    <document><![CDATA[#USER# Father Frost?  Stalin wasn't known for his warmth.]]></document>
    <document><![CDATA[#USER# #USER# John McCain used an associate of his  foundation to pass Steele dirt on to Comey.  George S… #URL#]]></document>
    <document><![CDATA[#USER# #USER# Joe Biden under oath? Best thing since the Mueller Report! #URL#]]></document>
    <document><![CDATA[RT #USER#: Controversial radio legend Don Imus died this morning "after being hospitalized since Christmas Eve," a family rep just…]]></document>
    <document><![CDATA[#USER# #USER# #USER# #USER# #USER# I'm attracting a lot of bots.]]></document>
    <document><![CDATA[#USER# #USER# Dar al Harb  The territory of perpetual war against the non-believers.]]></document>
    <document><![CDATA[#USER# POC = People of Color   It's a phrase meant to create racial tension.]]></document>
    <document><![CDATA[RT #USER#: Wow Crazy Nancy, what’s going on? This is big stuff! #URL#]]></document>
    <document><![CDATA[#USER# #USER# Chicago is becoming more and more like Mogadishu.  Democrats?  What have they done for you Chicago?]]></document>
    <document><![CDATA[#USER# #USER# Muslims say they recognize the prophets and revere Jesus.  Do you revere Jesus?]]></document>
    <document><![CDATA[#USER# That girl vs girl? photo is brutal!]]></document>
    <document><![CDATA[#USER# #USER# The Hindu Kush Mountains were named for "Hindu Slaughter"  by conquering Muslim armies as they marched into India.]]></document>
    <document><![CDATA[#USER# #USER# I thought black voters were voters.]]></document>
    <document><![CDATA[RT #USER#: Where is CIA Director Gina Haspel? CIA analyst Eric Ciaramella violated CIA regulations by using his position to engage in…]]></document>
    <document><![CDATA[RT #USER#: 👀  Adam Schiff Associate Arrested By LAPD]]></document>
    <document><![CDATA[#USER# #USER# 14 followers in 7 years, impressive!]]></document>
    <document><![CDATA[RT #USER#: Hey, Republicans!  Anyone want to look at this?  HUNTER BIDEN BOUGHT A $2.5 MILLION HOLLYWOOD HILLS HOME IN JUNE FOR $14,00…]]></document>
    <document><![CDATA[RT #USER#: De Blasio giving freed NYC inmates cellphones, MetroCards and gift cards #URL# #URL#]]></document>
    <document><![CDATA[RT #USER#: Scientists are beginning to find that men undergo hormonal and brain changes just before and just after the birth of a first c…]]></document>
    <document><![CDATA[#USER# #USER# If you enjoyed the Mueller Report you're begging to hear Joe Malarkey testify! #URL#]]></document>
    <document><![CDATA[#USER# #USER# Muhammad applied the Law of Moses.  Adulterers were stoned under the Law of Moses. Muhammad had a… #URL#]]></document>
    <document><![CDATA[#USER# #USER# Atheists are regarded as infidels by Muslims.]]></document>
    <document><![CDATA[RT #USER#: WHO IS BERINE SANDERS? THIS IS WHO.Why Bernie Sanders' Communist Misadventures Still Matter #URL# via @…]]></document>
    <document><![CDATA[RT #USER#: PANIC IN D.C. #URL#]]></document>
    <document><![CDATA[#USER# #USER# Raise your hand if you're sure.]]></document>
    <document><![CDATA[#USER# #USER# You are a twisted soul.]]></document>
    <document><![CDATA[RT #USER#: "Truth will ultimately prevail where there is pains to bring it to light." --George Washington]]></document>
    <document><![CDATA[RT #USER#: STUNNING: Pelosi Still Won't Release Transcripts From Secret Schiff Basement Meetings that Exonerate President Trump and…]]></document>
    <document><![CDATA[RT #USER#: An illegal alien has been arrested after allegedly murdering a woman in Cobb County, Georgia, and shooting her teenage s…]]></document>
    <document><![CDATA[#USER# #USER# We used to live in Chicago... #URL#]]></document>
    <document><![CDATA[#USER# #USER# What existed before the Big Bang?]]></document>
    <document><![CDATA[RT #USER#: Lower voting age to 16 ya ok you quack. #URL#]]></document>
    <document><![CDATA[RT #USER#: ‘They lie to you’: President Trump previously held private meetings with Navy SEALs to candidly discuss Afghanistan war:…]]></document>
    <document><![CDATA[#USER# If there is one triple wide white crossing the street...???]]></document>
    <document><![CDATA[#USER# #USER# You aren't interested in democracy.]]></document>
    <document><![CDATA[RT #USER#: 11:37 am EST, 12/27/2019 T YOU I C IMPORTANT A ! I 3 ... #URL#]]></document>
    <document><![CDATA[RT #USER#: Dr. Ben Carson- I concur.   "I believe in God who can change people- he can make any of us better." #USER#]]></document>
    <document><![CDATA[#USER# #USER# San Fecesco, E. Colifornia  Po Po wasting time doing nothin' but drivin' round doin'… #URL#]]></document>
    <document><![CDATA[#USER# #USER# That's where they plug in the Fake Vaccuum.]]></document>
    <document><![CDATA[#USER# #USER# #USER# #USER# #USER# You are not a very good liar.  You don't even know who th… #URL#]]></document>
    <document><![CDATA[#USER# #USER# #USER# Do you work for Greta?]]></document>
    <document><![CDATA[RT #USER#: Trump is a winner and a blessing to us from the Lord. I meant that directed at the creepy porn lawyer. #URL#…]]></document>
    <document><![CDATA[#USER# #USER# I don't need your explanation.]]></document>
    <document><![CDATA[RT #USER#: No the Christians are not against President #USER# , because we don’t use a magazine we use the Bible. #HASHTAG#…]]></document>
    <document><![CDATA[#USER# #USER# Muslims attacked the Christian world relentlessly for 550 years BEFORE the First Crusade.]]></document>
    <document><![CDATA[#USER# I'd like to see them on TMZ.]]></document>
    <document><![CDATA[#USER# #USER# Hunter is unnerved down in Hollywood while Jill is doing charity work in Mexico?]]></document>
    <document><![CDATA[RT #USER#: “Dow closes at another All-Time High!” #USER# #USER#]]></document>
    <document><![CDATA[RT #USER#: #USER#   #HASHTAG# Witness #URL#]]></document>
    <document><![CDATA[#USER# #USER# Hillary is calling you out, Rashida Talaib]]></document>
    <document><![CDATA[#USER# #USER# That was long before Jesus.  Jesus Christ  Christianity takes its name from Jesus Christ.  Christ… #URL#]]></document>
    <document><![CDATA[#USER# #USER# Muslim thieves attacked and robbed Christian pilgrims traveling to the Holy Land to visit the sit… #URL#]]></document>
    <document><![CDATA[#USER# #USER# #USER# #USER# Hillary could have at least recommended a plastic surgeon.]]></document>
    <document><![CDATA[RT #USER#: IG Report Reveals Steele Funneled Claims Through John McCain After FBI Dropped Him: This is astonishing and shows what a…]]></document>
    <document><![CDATA[RT #USER#: Obama and his wife Michelle famously signed a book deal estimated at $65 million in 2017. Now, says President Trump, it'…]]></document>
    <document><![CDATA[RT #USER#: So interesting to see Nancy Pelosi demanding fairness from #USER# McConnell when she presided over the most unf…]]></document>
    <document><![CDATA[#USER# Bernie Sanders is not qualified to run a lemonade stand.]]></document>
    <document><![CDATA[RT #USER#: The murder by terrorists of 12 Christian hostages in Nigeria has been much ignored over Christmas. With deep sorrow let us…]]></document>
    <document><![CDATA[#USER# Death is the punishment for blasphemy under sharia law.]]></document>
    <document><![CDATA[#USER# #USER# Flake is irrelevant !]]></document>
    <document><![CDATA[RT #USER#: [They] are editing #USER# out of movies now?  That's cool. Wait until we edit Obama out of the history books.  #HASHTAG#…]]></document>
    <document><![CDATA[#USER# I'm going to be president. #URL#]]></document>
    <document><![CDATA[RT #USER#: Trump Campaign Launching ‘Evangelicals For Trump’ At Majority-Hispanic Megachurch #URL#]]></document>
    <document><![CDATA[RT #USER#: #USER# #USER# Great. So since they have G-d on their side, they don't need our money or our politicians an…]]></document>
    <document><![CDATA[RT #USER#: Horrific!  This video is from Bangladesh, here Abu Taher, a bangladeshi Muslim is beating up a Hindu boy Raju Chandra in fro…]]></document>
    <document><![CDATA[#USER# #USER# You wouldn't be quoting the Old Testament would you?  Jesus' ministry starts in the New Testament.]]></document>
    <document><![CDATA[#USER# #USER# Winning Winning Winning Winning Winning Winning Winning Winning Winning Winning Winning… #URL#]]></document>
    <document><![CDATA[#USER# Homeless?  Shelter isn't important.  The homeless need opioids, cocaine, marijuana and meth.]]></document>
    <document><![CDATA[RT #USER#: Q DROP THREAD 12.28.19 ‘I am at WAR with the MSM because they portray themselves as objective observers of reality, whe…]]></document>
    <document><![CDATA[RT #USER#: I’m glad President Trump is talking about homelessness in California. The media only talks about whatever Trump does.…]]></document>
    <document><![CDATA[#USER# #USER# God is said to be the Alpha and the Omega.  If the Creator is Omnipresent he exists in the past,… #URL#]]></document>
    <document><![CDATA[#USER# #USER# Obama Era Concentration Camp Visitor Commandant Jeh Johnson #URL#]]></document>
    <document><![CDATA[#USER# The British people shook British politics.]]></document>
    <document><![CDATA[#USER# #USER# Mogadishu was glad Bill Clinton took his famine relief and went home.]]></document>
    <document><![CDATA[RT #USER#: . Yep, say no more Victor Davis Hanson #URL#]]></document>
    <document><![CDATA[#USER# #USER# #USER# We love Trump!]]></document>
    <document><![CDATA[#USER# #USER# Muslim martyrs die in battle killing kafirs (non-believers).  Christian martyrs went to their dea… #URL#]]></document>
    <document><![CDATA[#USER# Joe Biden doesn't want to testify because his actions prompted the president to inquire about corruption.… #URL#]]></document>
    <document><![CDATA[RT #USER#: Here’s a thread I did back in July on the corrupt Book Deals made by Pearson Publishing and it’s subsidiaries with Obama,…]]></document>
  </documents>
</author>
