<author lang="en">
  <documents>
    <document><![CDATA[Buy Aldo Halifax Top Handle Bag from #URL#  #HASHTAG# #HASHTAG# #HASHTAG# #URL#]]></document>
    <document><![CDATA[#URL# Father of the bride asks stepdad to walk down the aisle with them #HASHTAG# #HASHTAG#]]></document>
    <document><![CDATA[#URL# Dwayne Johnson's puppy dies after eating poisonous mushroom #HASHTAG# #HASHTAG# #URL#]]></document>
    <document><![CDATA[Buy Aldo Halifax Top Handle Bag from #URL#  #HASHTAG# #HASHTAG# #HASHTAG# #URL#]]></document>
    <document><![CDATA[Buy Aldo Halifax Top Handle Bag from #URL#  #HASHTAG# #HASHTAG# #HASHTAG# #URL#]]></document>
    <document><![CDATA[Buy HOBO Vintage Vera Wallet from #URL#  #HASHTAG# #HASHTAG# #HASHTAG# #URL#]]></document>
    <document><![CDATA[Buy T-Shirt &amp; Jeans Tote with Braided Top Handle Bag from #URL#  #HASHTAG# #HASHTAG# #HASHTAG# #URL#]]></document>
    <document><![CDATA[#URL# Toy Hall of Fame nominees #HASHTAG# #HASHTAG# #URL#]]></document>
    <document><![CDATA[Buy T-Shirt &amp; Jeans Tote with Braided Top Handle Bag from #URL#  #HASHTAG# #HASHTAG# #HASHTAG# #URL#]]></document>
    <document><![CDATA[Buy T-Shirt &amp; Jeans Tote with Braided Top Handle Bag from #URL#  #HASHTAG# #HASHTAG# #HASHTAG# #URL#]]></document>
    <document><![CDATA[#URL# Father of the bride asks stepdad to walk down the aisle with them #HASHTAG# #HASHTAG#]]></document>
    <document><![CDATA[Buy Aldo Halifax Top Handle Bag from #URL#  #HASHTAG# #HASHTAG# #HASHTAG# #URL#]]></document>
    <document><![CDATA[#URL# Michelle Obama sneaks into 'Hamilton' on Broadway #HASHTAG# #HASHTAG# #URL#]]></document>
    <document><![CDATA[Buy HOBO Vintage Vera Wallet from #URL#  #HASHTAG# #HASHTAG# #HASHTAG# #URL#]]></document>
    <document><![CDATA[Buy Aldo Halifax Top Handle Bag from #URL#  #HASHTAG# #HASHTAG# #HASHTAG# #URL#]]></document>
    <document><![CDATA[Buy Aldo Halifax Top Handle Bag from #URL#  #HASHTAG# #HASHTAG# #HASHTAG# #URL#]]></document>
    <document><![CDATA[#URL# Hayden Panettiere: I suffered from postpartum depression #HASHTAG# #HASHTAG# #URL#]]></document>
    <document><![CDATA[#URL# Putin gets OK to launch airstrikes in Syria #HASHTAG# #HASHTAG# #URL#]]></document>
    <document><![CDATA[Buy HOBO Vintage Vera Wallet from #URL#  #HASHTAG# #HASHTAG# #HASHTAG# #URL#]]></document>
    <document><![CDATA[Buy HOBO Vintage Vera Wallet from #URL#  #HASHTAG# #HASHTAG# #HASHTAG# #URL#]]></document>
    <document><![CDATA[Buy HOBO Vintage Vera Wallet from #URL#  #HASHTAG# #HASHTAG# #HASHTAG# #URL#]]></document>
    <document><![CDATA[#URL# Matt Damon, Jimmy Kimmel go to couples therapy #HASHTAG# #HASHTAG# #URL#]]></document>
    <document><![CDATA[#URL# Family blows up 'cancer' couch to mark somber anniversary #HASHTAG# #HASHTAG#]]></document>
    <document><![CDATA[Buy HOBO Vintage Vera Wallet from #URL#  #HASHTAG# #HASHTAG# #HASHTAG# #URL#]]></document>
    <document><![CDATA[#URL# Katy Perry kissed, groped by overeager fan in Brazil #HASHTAG# #HASHTAG# #URL#]]></document>
    <document><![CDATA[#URL# #HASHTAG# Tips For Caring For an Aging Cat #HASHTAG# #HASHTAG#]]></document>
    <document><![CDATA[#URL# 5 things you need to know Tuesday #HASHTAG# #HASHTAG# #URL#]]></document>
    <document><![CDATA[Buy Aldo Halifax Top Handle Bag from #URL#  #HASHTAG# #HASHTAG# #HASHTAG# #URL#]]></document>
    <document><![CDATA[#URL# #HASHTAG# Movie Review -- The Long, Hot Summer (1958) #HASHTAG# #HASHTAG#]]></document>
    <document><![CDATA[#URL# USA TODAY GOP Power Rankings: Rubio on the rise #HASHTAG# #HASHTAG#]]></document>
    <document><![CDATA[#URL# MTV cast member Cohutta Lee Grindstaff arrested for DUI #HASHTAG# #HASHTAG# #URL#]]></document>
    <document><![CDATA[#URL# Military retirement reform: Bigger matches, lump-sum payouts #HASHTAG# #HASHTAG# #URL#]]></document>
    <document><![CDATA[Buy Aldo Halifax Top Handle Bag from #URL#  #HASHTAG# #HASHTAG# #HASHTAG# #URL#]]></document>
    <document><![CDATA[Buy T-Shirt &amp; Jeans Tote with Braided Top Handle Bag from #URL#  #HASHTAG# #HASHTAG# #HASHTAG# #URL#]]></document>
    <document><![CDATA[#URL# L.L. Cool J’s son tossed out of NYC restaurant, arrested #HASHTAG# #HASHTAG# #URL#]]></document>
    <document><![CDATA[#URL# The jaw-dropping moments from 'Breaking Bad' #HASHTAG# #HASHTAG# #URL#]]></document>
    <document><![CDATA[#URL# By 2-1, funding for Planned Parenthood supported #HASHTAG# #HASHTAG#]]></document>
    <document><![CDATA[Buy HOBO Vintage Vera Wallet from #URL#  #HASHTAG# #HASHTAG# #HASHTAG# #URL#]]></document>
    <document><![CDATA[#URL# The jaw-dropping moments from 'Breaking Bad' #HASHTAG# #HASHTAG# #URL#]]></document>
    <document><![CDATA[#URL# Jim Carrey's ex commits suicide after breakup: authorities #HASHTAG# #HASHTAG# #URL#]]></document>
    <document><![CDATA[#URL# Congress gears up for major budget talks with White House #HASHTAG# #HASHTAG# #URL#]]></document>
    <document><![CDATA[Buy HOBO Vintage Vera Wallet from #URL#  #HASHTAG# #HASHTAG# #HASHTAG# #URL#]]></document>
    <document><![CDATA[Buy Aldo Halifax Top Handle Bag from #URL#  #HASHTAG# #HASHTAG# #HASHTAG# #URL#]]></document>
    <document><![CDATA[#URL# Jim Carrey's ex commits suicide after breakup: authorities #HASHTAG# #HASHTAG# #URL#]]></document>
    <document><![CDATA[Buy T-Shirt &amp; Jeans Tote with Braided Top Handle Bag from #URL#  #HASHTAG# #HASHTAG# #HASHTAG# #URL#]]></document>
    <document><![CDATA[#URL# Music videos that define the '90s #HASHTAG# #HASHTAG# #URL#]]></document>
    <document><![CDATA[Buy HOBO Vintage Vera Wallet from #URL#  #HASHTAG# #HASHTAG# #HASHTAG# #URL#]]></document>
    <document><![CDATA[#URL# L.L. Cool J’s son tossed out of NYC restaurant, arrested #HASHTAG# #HASHTAG# #URL#]]></document>
    <document><![CDATA[Buy T-Shirt &amp; Jeans Tote with Braided Top Handle Bag from #URL#  #HASHTAG# #HASHTAG# #HASHTAG# #URL#]]></document>
    <document><![CDATA[Buy T-Shirt &amp; Jeans Tote with Braided Top Handle Bag from #URL#  #HASHTAG# #HASHTAG# #HASHTAG# #URL#]]></document>
    <document><![CDATA[#URL# Michelle Obama sneaks into 'Hamilton' on Broadway #HASHTAG# #HASHTAG# #URL#]]></document>
    <document><![CDATA[Buy T-Shirt &amp; Jeans Tote with Braided Top Handle Bag from #URL#  #HASHTAG# #HASHTAG# #HASHTAG# #URL#]]></document>
    <document><![CDATA[#URL# Best celebrity social media pics #HASHTAG# #HASHTAG#]]></document>
    <document><![CDATA[Buy T-Shirt &amp; Jeans Tote with Braided Top Handle Bag from #URL#  #HASHTAG# #HASHTAG# #HASHTAG# #URL#]]></document>
    <document><![CDATA[#URL# The jaw-dropping moments from 'Breaking Bad' #HASHTAG# #HASHTAG# #URL#]]></document>
    <document><![CDATA[Buy Aldo Halifax Top Handle Bag from #URL#  #HASHTAG# #HASHTAG# #HASHTAG# #URL#]]></document>
    <document><![CDATA[Buy T-Shirt &amp; Jeans Tote with Braided Top Handle Bag from #URL#  #HASHTAG# #HASHTAG# #HASHTAG# #URL#]]></document>
    <document><![CDATA[#URL# Michael Jackson's nephew reveals how Blanket joined TV show #HASHTAG# #HASHTAG# #URL#]]></document>
    <document><![CDATA[Buy HOBO Vintage Vera Wallet from #URL#  #HASHTAG# #HASHTAG# #HASHTAG# #URL#]]></document>
    <document><![CDATA[Buy T-Shirt &amp; Jeans Tote with Braided Top Handle Bag from #URL#  #HASHTAG# #HASHTAG# #HASHTAG# #URL#]]></document>
    <document><![CDATA[Buy T-Shirt &amp; Jeans Tote with Braided Top Handle Bag from #URL#  #HASHTAG# #HASHTAG# #HASHTAG# #URL#]]></document>
    <document><![CDATA[#URL# By 2-1, funding for Planned Parenthood supported #HASHTAG# #HASHTAG#]]></document>
    <document><![CDATA[#URL# Judge delays crucial trial in Freddie Gray death #HASHTAG# #HASHTAG# #URL#]]></document>
    <document><![CDATA[Buy HOBO Vintage Vera Wallet from #URL#  #HASHTAG# #HASHTAG# #HASHTAG# #URL#]]></document>
    <document><![CDATA[Buy HOBO Vintage Vera Wallet from #URL#  #HASHTAG# #HASHTAG# #HASHTAG# #URL#]]></document>
    <document><![CDATA[#URL# Don't Believe the Facebook Hoax Going Around About Paying for Privacy #HASHTAG# #HASHTAG# #URL#]]></document>
    <document><![CDATA[#URL# Agents of S.H.I.E.L.D. Season 3 Premiere Postmortem: New Foes, ... #HASHTAG# #HASHTAG# #URL#]]></document>
    <document><![CDATA[Buy Aldo Halifax Top Handle Bag from #URL#  #HASHTAG# #HASHTAG# #HASHTAG# #URL#]]></document>
    <document><![CDATA[Buy Aldo Halifax Top Handle Bag from #URL#  #HASHTAG# #HASHTAG# #HASHTAG# #URL#]]></document>
    <document><![CDATA[#URL# Toy Hall of Fame nominees #HASHTAG# #HASHTAG# #URL#]]></document>
    <document><![CDATA[#URL# Michael Jackson's nephew reveals how Blanket joined TV show #HASHTAG# #HASHTAG# #URL#]]></document>
    <document><![CDATA[#URL# Family Feud Contestant Traumatizes His Family With His Sexy Answer #HASHTAG# #HASHTAG# #URL#]]></document>
    <document><![CDATA[Buy HOBO Vintage Vera Wallet from #URL#  #HASHTAG# #HASHTAG# #HASHTAG# #URL#]]></document>
    <document><![CDATA[Buy HOBO Vintage Vera Wallet from #URL#  #HASHTAG# #HASHTAG# #HASHTAG# #URL#]]></document>
    <document><![CDATA[#URL# Music videos that define the '90s #HASHTAG# #HASHTAG# #URL#]]></document>
    <document><![CDATA[Buy T-Shirt &amp; Jeans Tote with Braided Top Handle Bag from #URL#  #HASHTAG# #HASHTAG# #HASHTAG# #URL#]]></document>
    <document><![CDATA[#URL# USA TODAY GOP Power Rankings: Rubio on the rise #HASHTAG# #HASHTAG#]]></document>
    <document><![CDATA[#URL# Trump ends 6-day Fox boycott with ‘O’Reilly Factor’ appearance #HASHTAG# #HASHTAG#]]></document>
    <document><![CDATA[Buy HOBO Vintage Vera Wallet from #URL#  #HASHTAG# #HASHTAG# #HASHTAG# #URL#]]></document>
    <document><![CDATA[Buy Aldo Halifax Top Handle Bag from #URL#  #HASHTAG# #HASHTAG# #HASHTAG# #URL#]]></document>
    <document><![CDATA[Buy Aldo Halifax Top Handle Bag from #URL#  #HASHTAG# #HASHTAG# #HASHTAG# #URL#]]></document>
    <document><![CDATA[#URL# Hayden Panettiere: I suffered from postpartum depression #HASHTAG# #HASHTAG# #URL#]]></document>
    <document><![CDATA[#URL# 5 things you need to know Tuesday #HASHTAG# #HASHTAG# #URL#]]></document>
    <document><![CDATA[Buy T-Shirt &amp; Jeans Tote with Braided Top Handle Bag from #URL#  #HASHTAG# #HASHTAG# #HASHTAG# #URL#]]></document>
    <document><![CDATA[Buy T-Shirt &amp; Jeans Tote with Braided Top Handle Bag from #URL#  #HASHTAG# #HASHTAG# #HASHTAG# #URL#]]></document>
    <document><![CDATA[#URL# #HASHTAG# How To Print Your Cat Photos On T-Shirts #HASHTAG# #HASHTAG#]]></document>
    <document><![CDATA[Buy HOBO Vintage Vera Wallet from #URL#  #HASHTAG# #HASHTAG# #HASHTAG# #URL#]]></document>
    <document><![CDATA[Buy T-Shirt &amp; Jeans Tote with Braided Top Handle Bag from #URL#  #HASHTAG# #HASHTAG# #HASHTAG# #URL#]]></document>
    <document><![CDATA[#URL# Michael Jackson's nephew reveals how Blanket joined TV show #HASHTAG# #HASHTAG# #URL#]]></document>
    <document><![CDATA[#URL# #HASHTAG# Finding a Name for Your Pet Hamster #HASHTAG# #HASHTAG#]]></document>
    <document><![CDATA[Buy T-Shirt &amp; Jeans Tote with Braided Top Handle Bag from #URL#  #HASHTAG# #HASHTAG# #HASHTAG# #URL#]]></document>
    <document><![CDATA[Buy Aldo Halifax Top Handle Bag from #URL#  #HASHTAG# #HASHTAG# #HASHTAG# #URL#]]></document>
    <document><![CDATA[Buy Aldo Halifax Top Handle Bag from #URL#  #HASHTAG# #HASHTAG# #HASHTAG# #URL#]]></document>
    <document><![CDATA[Buy Aldo Halifax Top Handle Bag from #URL#  #HASHTAG# #HASHTAG# #HASHTAG# #URL#]]></document>
    <document><![CDATA[Buy HOBO Vintage Vera Wallet from #URL#  #HASHTAG# #HASHTAG# #HASHTAG# #URL#]]></document>
    <document><![CDATA[#URL# 5 things you need to know Tuesday #HASHTAG# #HASHTAG# #URL#]]></document>
    <document><![CDATA[#URL# Michael Jackson's nephew reveals how Blanket joined TV show #HASHTAG# #HASHTAG# #URL#]]></document>
    <document><![CDATA[#URL# Judge delays crucial trial in Freddie Gray death #HASHTAG# #HASHTAG# #URL#]]></document>
    <document><![CDATA[#URL# Six killed in another surge of violence in Chicago #HASHTAG# #HASHTAG# #URL#]]></document>
    <document><![CDATA[Buy T-Shirt &amp; Jeans Tote with Braided Top Handle Bag from #URL#  #HASHTAG# #HASHTAG# #HASHTAG# #URL#]]></document>
  </documents>
</author>
