<author lang="en">
  <documents>
    <document><![CDATA[Indian Army claims it has found ‘Yeti’ footprints in the Himalayan mountains #URL#  Clues to the… #URL#]]></document>
    <document><![CDATA[Prue Leith welcomes fourth grandchild but says ‘I’m a terrible granny!’ #URL#  Bake Off star Prue… #URL#]]></document>
    <document><![CDATA[Ant McPartlin leaves Hurley with girlfriend Anne-Marie as he jets off with Dec #URL#  Telly favou… #URL#]]></document>
    <document><![CDATA[Controversial wedding trend is becoming more popular – but it’s not for everyone #URL#  It’s beco… #URL#]]></document>
    <document><![CDATA[Susanna Reid flaunts 1.5 stone weight loss in stunning strapless gown #URL#  The Good Morning Bri… #URL#]]></document>
    <document><![CDATA[Doctor urges women to not put £30 ‘reusable’ sea sponges in their vaginas instead of tampons… #URL#]]></document>
    <document><![CDATA[Rowland Boon Gould dead: Level 42 founder dies aged 64 #URL#  Boon Gould – the founding member of… #URL#]]></document>
    <document><![CDATA[Katie Hopkins encourages local election voters to spoil ballot papers and take ballot box photos… #URL#]]></document>
    <document><![CDATA[Free booze and VOMITING on The One Show sofa – CBBC star spills on secret wild parties #URL#  Lon… #URL#]]></document>
    <document><![CDATA[‘Trash’ Tinder man matches with bemused woman – just so he can slate her dress #URL#  George’s op… #URL#]]></document>
    <document><![CDATA[Strictly professional sparks rumour Dec Donnelly could join show in 2019 #URL#  The TV host is a… #URL#]]></document>
    <document><![CDATA[Megan Barton-Hanson ‘stole hamster’ from Charlie Brake after late night bust-up #URL#  Telly beau… #URL#]]></document>
    <document><![CDATA[Prince Harry and Meghan Markle back Jameela Jamil’s inspirational ‘I Weigh’ body positivity campaign… #URL#]]></document>
    <document><![CDATA[Faye Brookes insisted she WASN’T leaving Coronation Street weeks before shock quit #URL#  Faye Br… #URL#]]></document>
    <document><![CDATA[Mike Thalassitis’ close friend Ellie shares emotional post as she visits restaurant #URL#  Love I… #URL#]]></document>
    <document><![CDATA[Adele breaks silence over divorce from Simon Konecki with savage post #URL#  The queen of heartbr… #URL#]]></document>
    <document><![CDATA[Katie Price ‘calls in doctor after facelift wounds get infected and start oozing pus’ #URL#  Mode… #URL#]]></document>
    <document><![CDATA[Gareth Gates ‘scrounges for freebies’ after Faye Brookes quits Coronation Street #URL#  The Pop I… #URL#]]></document>
    <document><![CDATA[‘Dec’ brands ‘Ant’ a ‘scum spam head’ and reveals posh accent in long-forgotten spoof #URL#  Chan… #URL#]]></document>
    <document><![CDATA[Katie Price ‘terrified of losing her ears over face lift infection’ #URL#  Katie’s last facelift… #URL#]]></document>
    <document><![CDATA[Pregnant Stacey Solomon and Joe Swash treat kids to family holiday to Butlins #URL#  The Loose Wo… #URL#]]></document>
    <document><![CDATA[Dani Dyer hits back at Georgia Steel as she slams Love Island pal’s granny pants #URL#  Love Isla… #URL#]]></document>
    <document><![CDATA[Jude Law is married: Actor weds Phillipa Coan in surprise ceremony #URL#  The couple shunned thei… #URL#]]></document>
    <document><![CDATA[The Grand Tour’s Jeremy Clarkson set for £29million payday with Top Gear pals #URL#  Jeremy Clark… #URL#]]></document>
    <document><![CDATA[James Argent moves back in with his MUM after Gemma Collins split #URL#  He’s left their posh Ess… #URL#]]></document>
    <document><![CDATA[Matthew Wright unveils stalker hell that left wife Amelia terrified #URL#  Presenter Matthew Wrig… #URL#]]></document>
    <document><![CDATA[Jack Fincham gets close to sexy brunette at pal’s birthday party after Dani Dyer split #URL#  EXC… #URL#]]></document>
    <document><![CDATA[Channing Tatum posts nude shower image after losing bet with girlfriend Jessie J #URL#  Mr Tatum… #URL#]]></document>
    <document><![CDATA[New mums are getting dolled up DURING labour to be ready for baby announcement photos #URL#  An i… #URL#]]></document>
    <document><![CDATA[Chris Evans drops huge clue Meghan Markle has given birth to royal baby in SECRET #URL#  DJ Chris… #URL#]]></document>
    <document><![CDATA[Jude Law is one VERY dapper groom as he’s pictured on secret wedding day #URL#  The actor tied th… #URL#]]></document>
    <document><![CDATA[Flat-pack home costs just £30k, only takes SIX hours to build and is stunning inside #URL#  An It… #URL#]]></document>
    <document><![CDATA[Brad Pitt issues rare denial over ‘gifting Jennifer Aniston £60.5m marital home for 50th’ #URL#… #URL#]]></document>
    <document><![CDATA[Kim Kardashian divides fans with stylish snap of ‘fashionista’ North West, five #URL#  Kim Kardas… #URL#]]></document>
    <document><![CDATA[‘Tragic’ vegan lasagne convinces no one ditch meat – and gets abuse from vegans #URL#  Is this a… #URL#]]></document>
    <document><![CDATA[Blake Lively pregnant with third child as she unveils bump beside Ryan Reynolds #URL#  The 31-yea… #URL#]]></document>
    <document><![CDATA[Billboard awards: Cardi B reveals new boob job in VERY kinky display with Offset #URL#  The I Lik… #URL#]]></document>
    <document><![CDATA[Katie Price says she’s got no regrets about having surgery and loves new ‘alien’ look #URL#  Form… #URL#]]></document>
    <document><![CDATA[Danniella Westbrook unveils sexy makeover as she prepares to leave rehab #URL#  Former EastEnders… #URL#]]></document>
    <document><![CDATA[Mrs Hinch has been in hospital for a week as she gives update on unborn baby #URL#  The pregnant… #URL#]]></document>
    <document><![CDATA[How Kate Middleton’s subtle gesture shows she’s suddenly found her grit #URL#  The Duchess of Cam… #URL#]]></document>
    <document><![CDATA[Landlord tells tenants to take turns sleeping in single bed in cramped house ad #URL#  One advert… #URL#]]></document>
    <document><![CDATA[Jennifer Aniston reveals what she REALLY thinks of Angelina Jolie in secret interview #URL#  The… #URL#]]></document>
    <document><![CDATA[Peter Mayhew dead: Actor who played Chewbacca in Star Wars dies at 74 #URL#  The 7ft3in actor pas… #URL#]]></document>
    <document><![CDATA[Strictly Come Dancing’s Darcey Bussell finally reveals why she REALLY quit #URL#  The trained bal… #URL#]]></document>
    <document><![CDATA[Billboard Awards 2019: Taylor Swift leads the worst dressed stars in purple ruffled mini-dress… #URL#]]></document>
    <document><![CDATA[Lisa Armstrong likes tweet saying Ant McPartlin has ‘f**k all’ to do with her success #URL#  Lisa… #URL#]]></document>
    <document><![CDATA[Liam Payne dines out with supermodel Stella Maxwell after Naomi Campbell split #URL#  Victoria’s… #URL#]]></document>
    <document><![CDATA[Line of Duty star Martin Compston offered new two-series deal on hit BBC drama #URL#  Scottish ac… #URL#]]></document>
    <document><![CDATA[Tupac spoke of faking his own death weeks before he was shot, claims Suge Knight #URL#  The rappe… #URL#]]></document>
    <document><![CDATA[Denise Welch reveals CBB win felt ‘hollow’ because of her crippling depression #URL#  The Coronat… #URL#]]></document>
    <document><![CDATA[Lauren Braxton dead: Toni Braxton’s niece dies aged 24 #URL#  The daughter of Toni’s younger brot… #URL#]]></document>
    <document><![CDATA[Pete Davidson refuses to perform following ‘disrespectful comments about Ariana’ #URL#  Pete Davi… #URL#]]></document>
    <document><![CDATA[Katie Price rules out romps with Kris Boyson as ‘compression underwear stinks’ #URL#  A recoverin… #URL#]]></document>
    <document><![CDATA[Jennifer Aniston reveals why she never had children in powerful post #URL#  Jennifer Aniston gave… #URL#]]></document>
    <document><![CDATA[Pete Doherty hospitalised after hedgehog spike lodged into his finger #URL#  Pete Doherty, 40, wa… #URL#]]></document>
    <document><![CDATA[EastEnders’ Matt di Angelo engaged to Sophia Perry after perfect proposal – with PIZZA #URL#  Mat… #URL#]]></document>
    <document><![CDATA[Wizz Air slammed for ‘sexist’ safety card of woman in mini dress with ‘sideboob’ #URL#  The card… #URL#]]></document>
    <document><![CDATA[Holly Willougby got so drunk she vomited on live TV after all-night boozing session #URL#  Telly… #URL#]]></document>
    <document><![CDATA[Mayan ‘gate to the underworld found near site of final battle’ #URL#  Archaeologists have recover… #URL#]]></document>
    <document><![CDATA[Katie Price’s sinister reason for getting more plastic surgery – involving Peter Andre #URL#  Kat… #URL#]]></document>
    <document><![CDATA[Daniel Craig sails on yacht as body double also gets to work on new James Bond #URL#  The stars h… #URL#]]></document>
    <document><![CDATA[Truth behind Brad Pitt’s ‘dull’ marriage jibe after Jennifer Aniston split #URL#  Brad Pitt was f… #URL#]]></document>
    <document><![CDATA[Three-eyed snake called Monty Python found on motorway in Australia #URL#  The Northern Territory… #URL#]]></document>
    <document><![CDATA[Michael Jackson’s bodyguard Matt Fiddes on why it’s ‘impossible’ accusers were abused #URL#  The… #URL#]]></document>
    <document><![CDATA[Harry Kane’s fiancee Katie Goodland kicks off hen do by dressing up in his kit #URL#  Katie Goodl… #URL#]]></document>
    <document><![CDATA[Gemma Collins and James Argent REUNITE after she branded him an ’embarrassment’ #URL#  The turbul… #URL#]]></document>
    <document><![CDATA[Carol Vorderman recalls brother’s bravery after cleft lip surgery on Good Morning Britain #URL#… #URL#]]></document>
    <document><![CDATA[Angelina Jolie ‘launched Jennifer Aniston smear campaign to silence man-stealer claims’ #URL#  Th… #URL#]]></document>
    <document><![CDATA[Love Island’s Kaz Crossley is DATING Theo Campbell weeks after split from Josh Denzel #URL#  Kaz… #URL#]]></document>
    <document><![CDATA[John Singleton death: Obama hails Boyz n the Hood director for ‘opening doors’ #URL#  The 57-year… #URL#]]></document>
    <document><![CDATA[Why Katie Price’s extreme surgery could stop her having more children #URL#  Katie Price 40, trav… #URL#]]></document>
    <document><![CDATA[Plane passengers horrified over man’s seeping yellow leg wound on board flight #URL#  WARNING – G… #URL#]]></document>
    <document><![CDATA[Shameless Katie Price flogs weight loss syrup DAYS after fat removal surgery #URL#  The 40-year-o… #URL#]]></document>
    <document><![CDATA[Pregnant Gemma Atkinson’s boyfriend Gorka Marquez could miss birth due to tour #URL#  Gemma Atkin… #URL#]]></document>
    <document><![CDATA[Peter Mayhew dead: Star Wars celebrity tributes to ‘gentle giant’ Chewbacca star #URL#  Star Wars… #URL#]]></document>
    <document><![CDATA[Chris Packham gets chilling letter warning: ‘We want you dead, we will succeed’ #URL#  EXCLUSIVE:… #URL#]]></document>
    <document><![CDATA[Katie Price and Kris Boyson ‘on the rocks’ as she blames him for driving her to lipo #URL#  Katie… #URL#]]></document>
    <document><![CDATA[Gregg Wallace reveals painful stomach condition after 15 years on Masterchef #URL#  The 54-year-o… #URL#]]></document>
    <document><![CDATA[Susanna Reid says Piers Morgan drove her to drink after seven-month booze break #URL#  Good Morni… #URL#]]></document>
    <document><![CDATA[Ken Dodd’s incredible gift to neighbours after leaving £27.7m fortune to help hometown #URL#  The… #URL#]]></document>
    <document><![CDATA[Britain’s 30 best comedians revealed – and their single funniest gags #URL#  Comedians past and p… #URL#]]></document>
    <document><![CDATA[Rochelle Humes reunites with long-lost lookalike sister Lili after 23 years apart #URL#  Telly st… #URL#]]></document>
    <document><![CDATA[Love Island bosses ‘desperate’ to sign Rochelle Humes’ glamorous younger sister #URL#  Rochelle’s… #URL#]]></document>
    <document><![CDATA[Lisa Appleton flashes nipples through x-rated fishnet outfit #URL#  The former Big Brother star l… #URL#]]></document>
    <document><![CDATA[Supermodel Christie Brinkley, 65, shares secrets of her ageless beauty #URL#  The beauty who foun… #URL#]]></document>
    <document><![CDATA[Eight things you’re forbidden from doing in the Queen’s presence – and what to do instead #URL#… #URL#]]></document>
    <document><![CDATA[Fleabag is coming to the West End on last ever run – but the Sexy Priest won’t be there #URL#  He… #URL#]]></document>
    <document><![CDATA[Katie Price’s post surgery face revealed as she compares herself to alien #URL#  Katie is said to… #URL#]]></document>
    <document><![CDATA[Game of Thrones star Sophie Turner marries Joe Jonas in secret ceremony in Las Vegas #URL#  Briti… #URL#]]></document>
    <document><![CDATA[Coronation Street’s Faye Brookes – Is this the real reason behind shock exit? #URL#  The popular… #URL#]]></document>
    <document><![CDATA[Kylie Jenner celebrates Travis Scott’s birthday with ‘f*** around and new baby’ #URL#  The Keepin… #URL#]]></document>
    <document><![CDATA[How often you’re meant to wash your bras – and when you need to buy a new one #URL#  More than 80… #URL#]]></document>
    <document><![CDATA[Katie Price parades insect-bitten bikini body one last time before ‘alien’ surgery bonanza #URL#… #URL#]]></document>
    <document><![CDATA[Jennifer Aniston’s fury after Angelina Jolie bragged about Brad Pitt affair #URL#  Jennifer Anist… #URL#]]></document>
    <document><![CDATA[Gemma Atkinson and Gorka Marquez’s desperate plea for poorly puppy #URL#  Gemma Atkinson and Gork… #URL#]]></document>
    <document><![CDATA[Brad Pitt’s ‘£60.5m gift to ex-wife Jennifer Aniston on her birthday’ REVEALED #URL#  Hollywood a… #URL#]]></document>
    <document><![CDATA[Jussie Smollett AXED from Empire as sixth season is confirmed #URL#  There are "no plans" to brin… #URL#]]></document>
    <document><![CDATA[Katie Price scoffs calorific dinner after getting liposuction to suck out her fat #URL#  Katie Pr… #URL#]]></document>
    <document><![CDATA[Marnie Simpson debuts baby bump in skin-tight purple dress #URL#  Marnie Simpson, 27, was seen at… #URL#]]></document>
  </documents>
</author>
