<author lang="en">
  <documents>
    <document><![CDATA[Intel now says it has a fix for the Spectre bug that Google found to be unfixable (INTC) #URL#]]></document>
    <document><![CDATA[An iPhone X can last over two days per charge with this $35 battery case #URL#]]></document>
    <document><![CDATA[No faking it: Colbert wants one of Trump’s ‘dishonest’ media awards – Washington Post #URL#]]></document>
    <document><![CDATA[Jeopardy host Alex Trebek recovering from surgery to remove blood clots on brain – #URL# (blog) #URL#]]></document>
    <document><![CDATA[Scientists have been trying really hard to figure out how this spider has a rainbow on its butt #URL#]]></document>
    <document><![CDATA[There’s a new home security system that detects motion using nothing but Wi-Fi signals #URL#]]></document>
    <document><![CDATA[Apple confirms it’s affected by the big Google-discovered processor flaws, but it’s already issued fixes (AAPL,… #URL#]]></document>
    <document><![CDATA[Today’s top deals: $12 smart bulb, pannable home camera, $14 Bluetooth earbuds, $41 juicer, more #URL#]]></document>
    <document><![CDATA[Inside St. Louis&amp;apos; obsession with gooey butter cake #URL#]]></document>
    <document><![CDATA[This year’s iPhone X successors will have a processor unlike anything available on Android #URL#]]></document>
    <document><![CDATA[Silicon Valley giants are investing hundreds of millions in housing projects across North America #URL#]]></document>
    <document><![CDATA[AMD keeps gaining even though some of Intel’s chip flaws also affect its CPUs (AMD, INTC) #URL#]]></document>
    <document><![CDATA[Caitlyn Jenner Thought The Kardashians Would Leak Details About Her Gender Confirmation Surgery – Bustle #URL#]]></document>
    <document><![CDATA[Kendrick Lamar Set To Produce ‘Black Panther: The Album,’ Unveils SZA Collaboration ‘All The Stars’ – Billboard #URL#]]></document>
    <document><![CDATA[The Nintendo Switch just became the fastest-selling video game console in US history #URL#]]></document>
    <document><![CDATA[‘Animaniacs’ Reboot Lands Two-Season Straight-to-Series Order at Hulu – Variety #URL#]]></document>
    <document><![CDATA[Ellen Confirms Kylie Jenner Is Pregnant By Looking At Khloe’s Eyes – HuffPost #URL#]]></document>
    <document><![CDATA[This ex-NSA hacker is hunting white supremacists and hate groups lurking on Twitter #URL#]]></document>
    <document><![CDATA[Intel knew about massive chip vulnerability when CEO sold $24 million worth of company stock #URL#]]></document>
    <document><![CDATA[10 things in tech you need to know today (AAPL, INTC, FB) #URL#]]></document>
    <document><![CDATA[Yi Home Cameras are just $20 right now on Amazon #URL#]]></document>
    <document><![CDATA[Silicon Valley elites are obsessed with dangerous, unfiltered water — and it reveals a hidden economic inequality #URL#]]></document>
    <document><![CDATA[Why Can’t Matt Lauer Let Go Of ‘Today’? – Daily Beast #URL#]]></document>
    <document><![CDATA[Only 3 companies have been rated ‘best places to work’ for 10 years, and they have a few things in common #URL#]]></document>
    <document><![CDATA[This naturally frozen skating rink is the largest in the world #URL#]]></document>
    <document><![CDATA[Khloe Kardashian reveals what she plans to name her baby with Tristan Thompson – ABC News #URL#]]></document>
    <document><![CDATA[The US Government brutally laid out the magnitude of the Intel processor vulnerabilities that affect almost… #URL#]]></document>
    <document><![CDATA[There’s a way to get a Super NES Classic in your hands by next week #URL#]]></document>
    <document><![CDATA[The Rape Culture Is out There in The X-Files Season 11 Premiere, and Fans Are Angry – Brinkwire (press release) #URL#]]></document>
    <document><![CDATA[Silicon Valley elites can’t get enough of dangerous, untreated ‘raw water’ — here’s why it’s a bad idea #URL#]]></document>
    <document><![CDATA[OnePlus 5T will be released next week in a new limited-edition color #URL#]]></document>
    <document><![CDATA[Logan Paul to take a break from posting videos as outrage from his ‘suicide video’ grows #URL#]]></document>
    <document><![CDATA[These 20 US counties produce the most successful people #URL#]]></document>
    <document><![CDATA[8 new movie trailers you need to watch from this past week #URL#]]></document>
    <document><![CDATA[It’s official: ‘Game of Thrones’ won’t return for its final season until 2019 #URL#]]></document>
    <document><![CDATA[Kim sets the record straight about son’s hospitalization – Page Six #URL#]]></document>
    <document><![CDATA[Everything We Know About Khloe Kardashian’s Pregnancy So Far – E! Online #URL#]]></document>
    <document><![CDATA[‘Jeopardy!’ Host Alex Trebek On Medical Leave After Hitting His Head In Scary Fall — Is He OK? – Hollywood Life #URL#]]></document>
    <document><![CDATA[Brazilian authorities go after Apple in iPhone slowdown scandal #URL#]]></document>
    <document><![CDATA[Mysterious ‘alien megastructure’ star might finally have an explanation #URL#]]></document>
    <document><![CDATA[Game of Thrones Season 8 Is Officially Not Premiering Until Next Year – Vanity Fair #URL#]]></document>
    <document><![CDATA[Investors are putting more money into UK startups now than before Brexit #URL#]]></document>
    <document><![CDATA[Japanese Suicide Prevention Group Slams YouTube Star Logan Paul – Hollywood Reporter #URL#]]></document>
    <document><![CDATA[Maverick Apparel Threatens Lawsuit Against Vlogger Logan Paul – WWD #URL#]]></document>
    <document><![CDATA[This substance lets you ‘walk on water’ — here’s how it works #URL#]]></document>
    <document><![CDATA[Khloe Kardashian Explains Why She Kept Her Pregnancy a Secret – E! Online #URL#]]></document>
    <document><![CDATA[Apple Music boss Jimmy Iovine is leaving the company in August, after his shares fully vest (AAPL) #URL#]]></document>
    <document><![CDATA[Ellen DeGeneres roasts Eric Trump for his ‘crazy’ conspiracy theory – Washington Post #URL#]]></document>
    <document><![CDATA[How slow will your computer be once Intel fixes the ‘meltdown’ security flaw? #URL#]]></document>
    <document><![CDATA[No faking it: Colbert wants one of Trump’s ‘dishonest’ media awards – #URL# #URL#]]></document>
    <document><![CDATA[The inventor of Linux is furious at Intel (INTC) #URL#]]></document>
    <document><![CDATA[Angela Ahrendts says it took years to figure out the key to success — here’s how she has stuck to her values while… #URL#]]></document>
    <document><![CDATA[Not unlike Trump, Wolff loves a brawl and the spotlight – Bradenton Herald #URL#]]></document>
    <document><![CDATA[‘Jeopardy!’ host Alex Trebek on leave after brain surgery, says ‘prognosis is excellent’ – Washington Post #URL#]]></document>
    <document><![CDATA[CBS News fires political director Steve Chaggaris over ‘inappropriate behavior’ – Los Angeles Times #URL#]]></document>
    <document><![CDATA[Hear Kendrick Lamar, SZA’s Defiant New Song ‘All the Stars’ – #URL# #URL#]]></document>
    <document><![CDATA[Elon Musk pitched Trump on SpaceX’s mission to colonize other planets #URL#]]></document>
    <document><![CDATA[How Facebook CEO Mark Zuckerberg uses New Year’s resolutions to improve himself #URL#]]></document>
    <document><![CDATA[TV Review: Lena Waithe’s ‘The Chi’ on Showtime – Variety #URL#]]></document>
    <document><![CDATA[Here’s what losing weight does to your body and brain #URL#]]></document>
    <document><![CDATA[Bruno Mars and Cardi B Collaborate on “Finesse” Remix – E! Online #URL#]]></document>
    <document><![CDATA[Here are 10 enchanting tree tunnels (and where to find them) #URL#]]></document>
    <document><![CDATA[Save $20 on the Aukey wireless speaker with a removable sub that boosts the bass #URL#]]></document>
    <document><![CDATA[Who will win big at the 2018 Golden Globes — and who should win #URL#]]></document>
    <document><![CDATA[Chip and Joanna Gaines Awaiting Baby Number Five – Celebrity Baby Scoop #URL#]]></document>
    <document><![CDATA[2018 Golden Globe Predictions: Who Will Win Big This Year? – Vanity Fair #URL#]]></document>
    <document><![CDATA[Colbert Is Campaigning Hard for Trump’s “Corrupt Media” Awards – Vanity Fair #URL#]]></document>
    <document><![CDATA[Closing the US gender wage gap isn’t as simple as ‘equal pay for equal work’ #URL#]]></document>
    <document><![CDATA[The blockchain ‘name game’ is just getting started — and it echoes dot-com mania #URL#]]></document>
    <document><![CDATA[Ellen DeGeneres on Eric Trump’s ‘Deep State’ Theory: ‘I Don’t Have That Kind of Time’ – #URL# #URL#]]></document>
    <document><![CDATA[‘Game of Thrones’ Season 8 Set to Air in 2019 – Variety #URL#]]></document>
    <document><![CDATA[‘The X-Files’: Creator Responds to Gillian Anderson’s Threats to Leave, Fans React to Horrific Premiere Reveal –… #URL#]]></document>
    <document><![CDATA[Golden Globes host Seth Meyers arrived front and center when he retreated behind his desk – Los Angeles Times #URL#]]></document>
    <document><![CDATA[For the first time in history, hip-hop has surpassed rock to become the most popular music genre, according to… #URL#]]></document>
    <document><![CDATA[Alex Trebek takes medical leave from ‘Jeopardy!’ after fall requires blood clot surgery – USA TODAY #URL#]]></document>
    <document><![CDATA[FCC chairman Ajit Pai just bailed on his planned CES appearance after killing net neutrality #URL#]]></document>
    <document><![CDATA[New Android malware imitates the Uber app in order to steal your login data #URL#]]></document>
    <document><![CDATA[Pregnant Khloé Kardashian Reveals Her Fears — One of Which May Have Her ‘Freaked Out’ for Birth –… #URL#]]></document>
    <document><![CDATA[Khloe Kardashian Says She’s ‘Not in a Rush’ to Get Married, Talks Baby Names – Entertainment Tonight #URL#]]></document>
    <document><![CDATA[This $50 kitchen gadget will save you hundreds of dollars each year #URL#]]></document>
    <document><![CDATA[What you can do right now about the severe Intel chip security flaw #URL#]]></document>
    <document><![CDATA[Black Panther movie causing excitement around country – Washington Post #URL#]]></document>
    <document><![CDATA[The Toyota RAV4 hit a new sales milestone in 2017 — here’s what the SUV is like to drive #URL#]]></document>
    <document><![CDATA[A Black Carpet Instead of a Red one at the Golden Globes? – HuffPost #URL#]]></document>
    <document><![CDATA[Baltimore residents are resorting to GoFundMe to heat their freezing public schools #URL#]]></document>
    <document><![CDATA[‘The Four: Battle For Stardom’ Debuts on Fox – Billboard #URL#]]></document>
    <document><![CDATA[10 things in tech you need to know today (INTC, TSLA, GOOG, SNAP, TWTR, AAPL) #URL#]]></document>
    <document><![CDATA[Cardi B Is Perfect for Bruno Mars’s ‘Finesse’ Video in More Ways Than One – Vulture #URL#]]></document>
    <document><![CDATA[Ellen DeGeneres Ridicules Eric Trump Over His Weird Conspiracy Theory About Her – HuffPost #URL#]]></document>
    <document><![CDATA[The Metropolitan Museum’s new admission policy sticks it to tourists – Washington Post #URL#]]></document>
    <document><![CDATA[Met Changes 50-Year Admissions Policy: Non-New Yorkers Must Pay – New York Times #URL#]]></document>
    <document><![CDATA[After months of keeping my phone unlocked, I tried the Galaxy S8’s futuristic security features — here’s what I… #URL#]]></document>
    <document><![CDATA[37 albums that music critics really hate, but normal people love #URL#]]></document>
    <document><![CDATA[As Model X and Model S sales soar, Tesla is still struggling with Model 3 production #URL#]]></document>
    <document><![CDATA[The iPhone 8 outperforms the iPhone X in this fast wireless charging test #URL#]]></document>
    <document><![CDATA[Bill Gates: Trust me, the world is really getting better, not worse #URL#]]></document>
    <document><![CDATA[It pains me to think about what life was like before I got this mopping robot vacuum #URL#]]></document>
    <document><![CDATA[Chevy and Ram are launching new pickup trucks this year to take on Ford — here’s what to expect (F, GM, FCAU) #URL#]]></document>
    <document><![CDATA[AT&amp;T will launch its 5G network this year, but we still don’t know how fast it’ll be #URL#]]></document>
    <document><![CDATA[Porsche fixed the biggest problem with the Panamera sedan and now it’s simply amazing #URL#]]></document>
  </documents>
</author>
