<author lang="en">
  <documents>
    <document><![CDATA[RT #USER#: This Epstein child rape scandal should have ended his close friend Donald Trump's chances of ever becoming President even…]]></document>
    <document><![CDATA[#USER# The only difference is he says what they believe.]]></document>
    <document><![CDATA[RT #USER#: Hope Hicks rarely gets any of the criticism of her peers in the Trump orbit but she was, clearly, intricately involved in the…]]></document>
    <document><![CDATA[RT #USER#: "You know I'm automatically attracted to beautiful—I just start kissing them. It's like a magnet. Just kiss. I don't eve…]]></document>
    <document><![CDATA[#USER# #USER# Holocaust?  You better work on your train of thought]]></document>
    <document><![CDATA[RT #USER#: Mueller said none of those things and went out of his way to state that he did not find "no obstruction" and that he d…]]></document>
    <document><![CDATA[RT #USER#: Main takeaway: There won’t be any impeachment hearings. #URL#]]></document>
    <document><![CDATA[RT #USER#: Since mid-April, Fox News paid contributor Ken Starr has appeared on the network 32 times.  He's been asked about his pe…]]></document>
    <document><![CDATA[My week on Twitter 🎉: 1 Mention, 1 New Follower, 1 Reply. See yours with #URL# #URL#]]></document>
    <document><![CDATA[This is why I don't want people over 70 running for president #URL#]]></document>
    <document><![CDATA[RT #USER#: After last night’s appalling rally, it would be a genuine act of patriotism for Republican elected officials today to deno…]]></document>
    <document><![CDATA[RT #USER#: I’ve been wondering why the video of the VP and senators at the border is so disconcerting. Is it that they enter, gaze at…]]></document>
    <document><![CDATA[RT #USER#: Wow. The complete lack of sympathy, respect, and general awareness is astonishing. Also, I would carry my kid through fire…]]></document>
    <document><![CDATA[RT #USER#: #USER# Prosecutor: We're not talking about women, Mr. Dershowitz. I asked about *girls under the age of consent".…]]></document>
    <document><![CDATA[RT #USER#: Mike Pence's Version of Matthew 25:35-40:  "For I was hungry and you OBSERVED me, I was thirsty and you OBSERVED me, I was…]]></document>
    <document><![CDATA[#USER# Talk to me when you move out of my basement]]></document>
    <document><![CDATA[RT #USER#: One of my favorite hobbies these past few months has been watching Conservatives attack AOC by telling us the only way…]]></document>
    <document><![CDATA[RT #USER#: #USER# #USER# I think being able to have sex with trump, without vomiting is an amazing skill.]]></document>
    <document><![CDATA[#USER# what's one half of this #URL#]]></document>
    <document><![CDATA[#USER# #USER# #USER# #USER# Would they take them back???????]]></document>
    <document><![CDATA[RT #USER#: Florida sheriff investigates Jeffrey Epstein's controversial work-release during jail sentence #URL#]]></document>
    <document><![CDATA[RT #USER#: Judge denies Jeffrey Epstein bail in child sex trafficking case #URL#]]></document>
    <document><![CDATA[The obvious answer is yes #URL#]]></document>
    <document><![CDATA[RT #USER#: #USER# was born in New York. #USER# was born in Michigan. #USER# was born in Ohio. #USER# is a naturalized…]]></document>
    <document><![CDATA[My week on Twitter 🎉: 1 Mention, 1 Reply. See yours with #URL# #URL#]]></document>
    <document><![CDATA[RT #USER#: The New York Times is reporting that President Trump hosted a party in Palm Beach, Florida in 1992 with just Jeffrey Epstein and…]]></document>
    <document><![CDATA[RT #USER#: #USER# I remember when you said Papadopoulos was a “young, low level volunteer named George, who has already…]]></document>
    <document><![CDATA[RT #USER#: I miss #USER# even day.  I miss his intelligence, class, and compassion.  Who else misses #HASHTAG# ? #URL#…]]></document>
    <document><![CDATA[RT #USER#: Dear Trumpublicans, if you’re planning on going Ninja Warrior on Robert Mueller, remember, Mueller served our country. He w…]]></document>
    <document><![CDATA[RT #USER#: From the ⁦#USER#:⁩ Frustration was expressed by staffers in the White House that by going so far in his tweets, Tr…]]></document>
    <document><![CDATA[RT #USER#: UPDATE: George Nader has been charged with having sex with a 14-year-old boy he allegedly transported to the U.S. from E…]]></document>
    <document><![CDATA[My week on Twitter 🎉: 1 Like. See yours with #URL# #URL#]]></document>
    <document><![CDATA[RT #USER#: Americans rank Barack Obama as best president of their lifetimes: Poll - ABC News -  via #USER# #URL#]]></document>
    <document><![CDATA[RT #USER#: If we’re sending member of Congress back to the countries of their births then adieu to #USER# who was born in…]]></document>
    <document><![CDATA[RT #USER#: A Freudian slip from #USER# about why he supports cracking down on immigration: "We just don't want to destroy the color--…]]></document>
    <document><![CDATA[RT #USER#: ”Epstein’s story is a searing indictment of the entire criminal-justice system and the special treatment it grants to people…]]></document>
    <document><![CDATA[RT #USER#: He's a Russian puppet! #URL#]]></document>
    <document><![CDATA[RT #USER#: Some students at Dalton, the Manhattan prep school where Jeffrey Epstein taught in the mid-1970s, recall a teacher who was wil…]]></document>
    <document><![CDATA[RT #USER#: Jeffrey Epstein’s case has come to symbolise unequal justice for those with the right connections #URL#]]></document>
    <document><![CDATA[RT #USER#: NEW: A strip-club golf tournament planned at President #USER#’s Doral resort has now been cancelled. #URL#…]]></document>
    <document><![CDATA[RT #USER#: Jeffrey Epstein allegedly hired investigators who intimidated his accusers, with one running an accuser’s mom off the road, police…]]></document>
    <document><![CDATA[Is this his third or fourth wife....... #URL#]]></document>
    <document><![CDATA[RT #USER#: Trump’s message isn’t “if people aren’t happy here they don’t have to stay.” It’s “if Americans aren’t happy here they sho…]]></document>
    <document><![CDATA[RT #USER#: #HASHTAG# Nikita Khrushchev vowed “we will take America without firing a shot. We do not have to invade…]]></document>
    <document><![CDATA[RT #USER#: This should have been the end of it. So it’s not surprising that he’s still in the White House. #URL#]]></document>
    <document><![CDATA[RT #USER#: Contrary to the rant by #USER#, it is still obstruction of justice even if the subject thinks he is innocent. It…]]></document>
    <document><![CDATA[RT #USER#: Trump has made it embarrassing to be an American.]]></document>
    <document><![CDATA[RT #USER#: Check this out Spanky. #USER# #URL#]]></document>
    <document><![CDATA[Here's one where Dems and Republicans both benefit with the laws as they are #URL#]]></document>
    <document><![CDATA[RT #USER#: Exclusive from #USER# Ten charities listed as recipients of gifts from Epstein or his foundation in press releases…]]></document>
    <document><![CDATA[RT #USER#: BREAKING: Hope Hicks committed perjury, also known as a crime for which there is no longer any punishment.]]></document>
    <document><![CDATA[My week on Twitter 🎉: 12 Mentions, 79 Likes, 11 Retweets, 23.7K Retweet Reach, 2 New Followers. See yours with… #URL#]]></document>
    <document><![CDATA[My week on Twitter 🎉: 1 Mention, 1 Reply. See yours with #URL# #URL#]]></document>
    <document><![CDATA[RT #USER#: What further testimony do we need?  This is as un-American as it gets!  #HASHTAG# #HASHTAG#  #URL#…]]></document>
    <document><![CDATA[RT #USER#: The sad part is that he got away with it 😡😡😡 #URL#]]></document>
    <document><![CDATA[RT #USER#: I am just speechless... #URL#]]></document>
    <document><![CDATA[RT #USER#: Desperately digging for the "moral high ground". #URL#]]></document>
    <document><![CDATA[RT #USER#: #USER# #USER# hasn't a shred of decency either #URL#]]></document>
    <document><![CDATA[RT #USER#: Alan Dershowitz should consider exercising his right to remain silent. #URL#]]></document>
    <document><![CDATA[RT #USER#: BREAKING NEWS: Bipartisan Senate panel concludes Russia penetrated all 50 States’ election systems and is poised to change vo…]]></document>
    <document><![CDATA[My week on Twitter 🎉: 1 Mention, 1 Reply. See yours with #URL# #URL#]]></document>
    <document><![CDATA[#USER# #USER# that's the best you can do?]]></document>
    <document><![CDATA[RT #USER#: Trump approval with Republicans up 5 points in poll after racist tweet   Which proves the reason they love him is because…]]></document>
    <document><![CDATA[RT #USER#: Rand Paul... What an absolute piece of shit. This asshole voted for the trillion dollar tax cut but blocks this bill be…]]></document>
    <document><![CDATA[RT #USER#: This is one of the best cartoons I have ever seen 😂😂😂😂😂😂😂😂 #URL#]]></document>
    <document><![CDATA[RT #USER#: Fox &amp; Friends laughs while reading Trump's bigoted "go back to Africa" tweets: Trump is "very comedic" and he is "maki…]]></document>
    <document><![CDATA[RT #USER#: Chuck Todd rips Trump admin vacancies after Labor chief Acosta announces departure #URL# #URL#…]]></document>
    <document><![CDATA[RT #USER#: Mnuchin - whose administration engineered a tax cut that has helped spike the federal budget deficit 23% in the first nine m…]]></document>
    <document><![CDATA[RT #USER#: #USER# #USER# #USER# Actually, Melania was illegal. Oh, and Donald was an anchor baby]]></document>
    <document><![CDATA[Ya right, just check the workers at his golf courses #URL#]]></document>
    <document><![CDATA[RT #USER#: Epstein will never see freedom again.   #URL#]]></document>
    <document><![CDATA[#USER# 2 languages...bilingual  3 languages....trilingual 1 language....American]]></document>
    <document><![CDATA[#USER# #USER# I don't think the Jamestown Settlers had Visas and they surely didn't speak the l… #URL#]]></document>
    <document><![CDATA[RT #USER#: #HASHTAG# #HASHTAG# #HASHTAG# #URL#]]></document>
    <document><![CDATA[RT #USER#: #USER# #USER# has lost his ever loving mind if he thinks getting a "massage" from a child is OK so long as…]]></document>
    <document><![CDATA[RT #USER#: #USER# One woman, but how many children?]]></document>
    <document><![CDATA[#USER# Unfortunately I'm on the train.]]></document>
    <document><![CDATA[RT #USER#: If I was elected to Congress, my first bill would be to give ⁦⁦#USER#⁩ the freedom to choose where to play golf at taxp…]]></document>
    <document><![CDATA[RT #USER#: The #HASHTAG# story was around during the 2016 election.  But media executives are in the demographic that is help…]]></document>
    <document><![CDATA[RT #USER#: .#USER# looks at how impunity in this country for the rich and powerful helps create a culture of more wrongdoing. https:/…]]></document>
    <document><![CDATA[RT #USER#: The president has once again (but even more obviously than usual) made clear his unapologetic bigotry, nativism and racism…]]></document>
    <document><![CDATA[RT #USER#: Our president with his friend, a "terrific guy" who's "a lot of fun to be with." h/t #USER# #URL#]]></document>
    <document><![CDATA[This is why 70 year old men shouldn't run for president #URL#]]></document>
    <document><![CDATA[#USER# #USER# I missed this part  in the bible.  Can you tell me which part of the Bible you found this?]]></document>
    <document><![CDATA[RT #USER#: The message from Puerto Rico is that truly mass protests can ultimately force a country's leader to resign.  Oughtn't we…]]></document>
    <document><![CDATA[RT #USER#: I thought this had to be a joke - but it is not  #HASHTAG# delivered a speech in front of a fake presidential seal that sho…]]></document>
    <document><![CDATA[RT #USER#: #USER# This the difference between those who are dedicated public servants and those who, like IT, are dedicated gr…]]></document>
    <document><![CDATA[RT #USER#: Have you noticed everybody Trump knows is a criminal?  Just sayin'.]]></document>
    <document><![CDATA[RT #USER#: Your mother, the daughter of a crofter, was one of ten children born and raised in a small dwelling in a remote Scottish fis…]]></document>
    <document><![CDATA[RT #USER#: On top of the tax cuts and 2018 spending deal, the newest budget will quickly send outlays upward with no improvement on…]]></document>
    <document><![CDATA[RT #USER#: This little girl is my hero!!  Little Girl - "You're a disgrace to the world"  Volume up 🔊🔊🔊 #URL#]]></document>
    <document><![CDATA[RT #USER#: The very first time that Trump appeared in the pages of the New York Times, back in the 1970s, was when the US Department of…]]></document>
    <document><![CDATA[RT #USER#: Trump says "everyone" was happy with the deal Acosta gave Epstein 12 yrs ago, at that time. It was a secret deal, filed un…]]></document>
    <document><![CDATA[RT #USER#: CNN’s "New Day" blasts "Fox &amp; Friends" for laughing off Trump’s racist tweets: "All fun and games" #URL#…]]></document>
    <document><![CDATA[RT #USER#: Epstein has been denied bail pending trial. He might never breathe free air again. It would serve him right. Better still wou…]]></document>
    <document><![CDATA[RT #USER#: #USER# The more he talks, the deeper the involvement.]]></document>
    <document><![CDATA[RT #USER#: #USER# Start impeachment to expose this- #URL#]]></document>
    <document><![CDATA[#USER# Kris, he interrupts everyone, for what it’s worth]]></document>
    <document><![CDATA[RT #USER#: "You're 14? I'm going to be dating you in a couple of years."  "When you own the pageant, you can walk in on the teenage…]]></document>
    <document><![CDATA[RT #USER#: #USER# A person with a clear conscience doesn’t say things like this. It’s high school hyperbole, so it’s suspect.]]></document>
  </documents>
</author>
