<author lang="en">
  <documents>
    <document><![CDATA[Scott Pruitt had aide do various personal tasks, including hunt for a used Trump hotel mattress… #URL#]]></document>
    <document><![CDATA[HomeKit Weekly: Personalizing icons for lamps, bulbs, and other lights #URL# HomeKit Weekly is a… #URL#]]></document>
    <document><![CDATA[Opinion: James Comey’s book offers interesting background on the Apple/FBI case #URL# Yesterday I… #URL#]]></document>
    <document><![CDATA[Facebook explains how it will comply with new EU privacy laws; US gets weaker version #URL# The E… #URL#]]></document>
    <document><![CDATA[Apple releases second iOS 11.4 + tvOS 11.4 public betas #URL# Following yesterday’s developer bet… #URL#]]></document>
    <document><![CDATA[Amazon’s new ‘Alexa Skill Blueprints’ feature allows anyone to create custom questions &amp; responses… #URL#]]></document>
    <document><![CDATA[Kabul religious gathering hit by deadly suicide bombing #URL# Several people have been killed in… #URL#]]></document>
    <document><![CDATA[Dropbox for iOS adds drag and drop support, full-screen navigation, more #URL# Dropbox is rolling… #URL#]]></document>
    <document><![CDATA[Ronaldo settled in court: Two-year suspended sentence and 18.8 mil. Euro penalties for tax evasion… #URL#]]></document>
    <document><![CDATA[Spotify begins rolling out redesigned interface hinting at expanded free tier #URL# A report last… #URL#]]></document>
    <document><![CDATA[Curry's record-setting night highlights Golden State's dominance despite James' excellence #URL#… #URL#]]></document>
    <document><![CDATA[Better Call Saul Season 4 To Premiere in August 2018 #URL# You'll be seeing Jimmy McGill again ve… #URL#]]></document>
    <document><![CDATA[Trump: 'I have the absolute right to pardon myself' #URL#  Washington (JamesNews) President Donal… #URL#]]></document>
    <document><![CDATA[Dolphins sign Bobby McCain for four years, $27 million #URL# Bobby McCain has developed into one… #URL#]]></document>
    <document><![CDATA[Samsung pushes Apple out of Q1 smartphone activations lead, but iPhone loyalty remains strong… #URL#]]></document>
    <document><![CDATA[He’s pro-incest, pedophilia, and rape. He’s also running for Congress from his parents’ house.… #URL#]]></document>
    <document><![CDATA[Rihanna had an accident with a dress on a Ocean's 8 premiere - VIDEO #URL# Rihanna drew attention… #URL#]]></document>
    <document><![CDATA[Chrome 66 for Mac rolling out with saved password export &amp; media autoplay restrictions #URL# Foll… #URL#]]></document>
    <document><![CDATA[Back to the Mac 008: Sonnet’s eGFX Breakaway Box 650W – the best Apple-endorsed eGPU chassis for macOS [Video]… #URL#]]></document>
    <document><![CDATA[Regulatory filings indicate a flurry of new iPhone (SE?) models launching soon #URL# The same Eur… #URL#]]></document>
    <document><![CDATA[Apple features art by kids in latest Apple Pencil + iPad ads [Videos] #URL# Apple has shared a se… #URL#]]></document>
    <document><![CDATA[Don't lose your data: here's how to backup your Android phone #URL# Backups are indispensable. Wh… #URL#]]></document>
    <document><![CDATA[iOS 12: Siri shortcuts, group FaceTime and 'Memoji' Animoji of you #URL# Apple has just officiall… #URL#]]></document>
    <document><![CDATA[Pentagon investigates White House doctor Ronny Jackson #URL# The Pentagon’s inspector general is… #URL#]]></document>
    <document><![CDATA[Jimmy Fallon To Parkland Graduates: 'That Was You Choosing Hope Over Fear' #URL# Jimmy Fallon mad… #URL#]]></document>
    <document><![CDATA[Jurassic World: Fallen Kingdom Fandango Poster Is All Dinosaurs #URL# The latest poster for Juras… #URL#]]></document>
    <document><![CDATA[KGI: 6.1-inch LCD iPhone priced as low as $550, could be available in dual SIM configuration… #URL#]]></document>
    <document><![CDATA[Facebook says it “disagrees” with the New York Times’ criticisms of its device-integrated APIs… #URL#]]></document>
    <document><![CDATA[Meghan Markle in this way shows that she is still a down to earth woman who has not forgotten who she is… #URL#]]></document>
    <document><![CDATA[THE KISSING BOOTH MISSES ITS MARK BUT TRIES ITS BEST (REVIEW) #URL# The Kissing Booth is the 2018… #URL#]]></document>
    <document><![CDATA[Pippa Middleton is not in the royal family, but she still won the title #URL# Prince Harry (33) a… #URL#]]></document>
    <document><![CDATA[Melania Trump skipping G7, North Korea summits #URL# WASHINGTON – First lady Melania Trump will n… #URL#]]></document>
    <document><![CDATA[New iPhone Leak Reveals Apple's Radical Design #URL# Last week, I exclusively revealed Apple AAPL… #URL#]]></document>
    <document><![CDATA[Snapchat Lens Studio now lets anyone create AR Face Lenses, gains integrated GIF stickers #URL# S… #URL#]]></document>
    <document><![CDATA[Analyst: Apple’s struggle in China will continue this year as local competition intensifies #URL#… #URL#]]></document>
    <document><![CDATA[Lisa Jackson and NAT GEO explorer Alexandra Cousteau hosting Today at Apple Earth Day event #URL#… #URL#]]></document>
    <document><![CDATA[Legally Blonde 3 Moving Forward, Reese Witherspoon In Talks to Return #URL# It looks like everyon… #URL#]]></document>
    <document><![CDATA[Spotify poaches Apple Music hip-hop programming head behind Chance the Rapper exclusives #URL# Ap… #URL#]]></document>
    <document><![CDATA[Photo-hiding app disguised as calculator disappears from App Store following police investigation… #URL#]]></document>
    <document><![CDATA[North West and Penelope Disick Had a Unicorn-Themed Party That Kicks Your Birthday's Butt #URL# C… #URL#]]></document>
    <document><![CDATA[FaceTime &amp; skin-colored Bluetooth earpieces used to help students cheat in exams #URL# Channel Ne… #URL#]]></document>
    <document><![CDATA[Disney's Original Prince Charming, William Phipps, Dies at 96 #URL# William Phipps - a character… #URL#]]></document>
    <document><![CDATA[Breaking Down Every Kiss in the ‘Younger’ Season 5 Trailer #URL# It used to be all about Liza and… #URL#]]></document>
    <document><![CDATA[North West and Penelope Disick Had a Unicorn-Themed Party That Kicks Your Birthday's Butt #URL# C… #URL#]]></document>
    <document><![CDATA[eBay for iOS update allows you to list an item just by scanning its barcode #URL# Another reason… #URL#]]></document>
    <document><![CDATA[Origin Access Premier, EA’s unlimited PC games subscription service, launches July 30 #URL# EA ha… #URL#]]></document>
    <document><![CDATA[iPhone’s ‘Do Not Disturb while driving’ feature helps, says insurance company #URL# We first call… #URL#]]></document>
    <document><![CDATA[Crabtree on leading Ravens: 'I don't have a choice' #URL# Michael Crabtree finds himself with som… #URL#]]></document>
    <document><![CDATA[Samantha Bee Talks ‘Repercussions’ of Ivanka Trump Backlash as ‘Full Frontal’ Loses Advertisers… #URL#]]></document>
    <document><![CDATA[Apple’s stock breaks with history as it rises to a record on 1st day of WWDC #URL# Apple Inc.’s W… #URL#]]></document>
    <document><![CDATA[The iPhone X alone took home 35% of total smartphone profits in Q4 2017, say analysts #URL# Apple… #URL#]]></document>
    <document><![CDATA[Adobe acquires Sayspring voice platform startup to bolster its virtual assistant efforts #URL# Ad… #URL#]]></document>
    <document><![CDATA[Russian spy: White House backs UK decision to expel diplomats #URL# The White House says it "stan… #URL#]]></document>
    <document><![CDATA[Apple ramps up iOS 12 and macOS 10.14 testing as we get closer to WWDC unveiling #URL# Whilst the… #URL#]]></document>
    <document><![CDATA[DRAKE PROVIDED ALLEGED BABY MAMA PRIVATE JET to See Child On Xmas #URL# Drake 's done more than j… #URL#]]></document>
    <document><![CDATA[Electrolux next in line for Innit app-controlled smart ovens w. Sony projector option too #URL# W… #URL#]]></document>
    <document><![CDATA[Why Trump shouldn't smile about the North Korea summit #URL# Predictably , the summit between Kim… #URL#]]></document>
    <document><![CDATA[On 'Daytona' and 'Ye,' Kanye West Proves the Strengths (and Limitations) of a Short Album #URL#… #URL#]]></document>
    <document><![CDATA[Spotify poaches Apple Music hip-hop programming head behind Chance the Rapper exclusives #URL# Ap… #URL#]]></document>
    <document><![CDATA[Report: Apple to launch premium magazine and news subscription service within a year #URL# Accord… #URL#]]></document>
    <document><![CDATA[Fortnite earns $25M during first month on iOS, could hit $500M this year with Android launch… #URL#]]></document>
    <document><![CDATA[Halloween 2018 Trailer Confirmed To Release On Friday #URL# The first trailer for David Gordon Gr… #URL#]]></document>
    <document><![CDATA[Report: Qualcomm cutting jobs as it looks to reduce costs by $1B amid Apple legal case #URL# Upda… #URL#]]></document>
    <document><![CDATA[Photo-hiding app disguised as calculator disappears from App Store following police investigation… #URL#]]></document>
    <document><![CDATA[Will Mario Appear in Wreck-It Ralph 2? #URL# Disney's Ralph Breaks the Internet: Wreck-It Ralph 2… #URL#]]></document>
    <document><![CDATA[Apple Pay expands across US, Canada, Italy, Spain, and China #URL# In addition to reaching Brazil… #URL#]]></document>
    <document><![CDATA[iFixit speculates iOS 11.3 touchscreen issues aren’t purposeful, just software bugs #URL# Last we… #URL#]]></document>
    <document><![CDATA[AAPL shares drop 1.7% pre-market after A-series chip supplier TSMC gives weak guidance #URL# Appl… #URL#]]></document>
    <document><![CDATA[Curry's record-setting night highlights Golden State's dominance despite James' excellence #URL#… #URL#]]></document>
    <document><![CDATA[iOS 11.4 beta 2 now available, includes (PRODUCT)RED wallpaper on certain iPhones [Video] #URL# T… #URL#]]></document>
    <document><![CDATA[Apple’s AR bet still has a lot to prove #URL# As Apple gears up for its developer keynote confere… #URL#]]></document>
    <document><![CDATA[Howard Schultz to Step Down as Starbucks Executive Chairman #URL# SEATTLE (JamesNews)— Howard Sch… #URL#]]></document>
    <document><![CDATA[Meek Mill, Nicki Minaj, Post Malone headline Made in America 2018 in Philadelphia #URL# PHILADELP… #URL#]]></document>
    <document><![CDATA[Say hello to the DIY Game Boy clone that could revolutionise handheld gaming #URL# The market for… #URL#]]></document>
    <document><![CDATA[iOS 12: Siri shortcuts, group FaceTime and 'Memoji' Animoji of you #URL# Apple has just officiall… #URL#]]></document>
    <document><![CDATA[Robin Wright Celebrates Wrapping ‘House of Cards’ After Kevin Spacey Scandal #URL# The beginning… #URL#]]></document>
    <document><![CDATA[Things 3.5 for iOS and macOS brings ‘Copy &amp; Paste Magic’, Zapier integration, much more #URL# Sin… #URL#]]></document>
    <document><![CDATA[iPhone X Diary: I’ve gone on an app and notifications diet, and my iPhone is now an oasis of calm… #URL#]]></document>
    <document><![CDATA[GymKit’s expansion continues with rollout in the UAE, demonstrations in Dubai #URL# Apple’s globa… #URL#]]></document>
    <document><![CDATA[Back to the Mac 008: Sonnet’s eGFX Breakaway Box 650W – the best Apple-endorsed eGPU chassis for macOS [Video]… #URL#]]></document>
    <document><![CDATA[Origin Access Premier, EA’s unlimited PC games subscription service, launches July 30 #URL# EA ha… #URL#]]></document>
    <document><![CDATA[At Least 25 People Killed In Guatemala Volcano Eruption #URL# Updated at 5:30 a.m. ET  At least 2… #URL#]]></document>
    <document><![CDATA[Nicole Kidman Opens Up About Her Miscarriages #URL# Nicole Kidman, the nearly EGOT actress (she j… #URL#]]></document>
    <document><![CDATA[Sonos promises red, yellow and green versions of the Sonos One for a $30 premium #URL# The Sonos… #URL#]]></document>
    <document><![CDATA[Analysis says Facebook would have to charge users $11-14/month to switch off ads #URL# Part of th… #URL#]]></document>
    <document><![CDATA[Happy Birthday, Heidi Klum! 5 Secrets to Her #HASHTAG# Beauty and Style #URL# Happy Birthday Lyri… #URL#]]></document>
    <document><![CDATA[Sleep Cycle debuts Apple Watch app with snore prevention, silent alarm #URL# Sleep Cycle for iPho… #URL#]]></document>
    <document><![CDATA[After adding 2M subscribers in two months, analyst predicts Apple Music will grow 40% per year… #URL#]]></document>
    <document><![CDATA[THE KISSING BOOTH MISSES ITS MARK BUT TRIES ITS BEST (REVIEW) #URL# The Kissing Booth is the 2018… #URL#]]></document>
    <document><![CDATA[Latest Apple Pay promotion offers free fries from McDonalds, and other unhealthy options #URL# Th… #URL#]]></document>
    <document><![CDATA[Why I’m disappointed Fortnite may be a Samsung Galaxy Note 9 exclusive #URL# Gaming phenomenon Fo… #URL#]]></document>
    <document><![CDATA[Beyonce fans think she is pregnant with fourth child - VIDEO #URL# The fans of Beyoncé (36) were… #URL#]]></document>
    <document><![CDATA[Russia asks Apple to remove Telegram from App Store after banning the encrypted messaging service… #URL#]]></document>
    <document><![CDATA[THE KISSING BOOTH AT ITS BEST (REVIEW) #URL# The Kissing Booth is the 2018 British rom-com that w… #URL#]]></document>
    <document><![CDATA[THE KISSING BOOTH AT ITS BEST (REVIEW) #URL# The Kissing Booth is the 2018 British rom-com that w… #URL#]]></document>
    <document><![CDATA[Eminem's Veteran Wiles, 50 Cent Surprise &amp; A Nicki Minaj Shout Out At Governors Ball Finale #URL#… #URL#]]></document>
    <document><![CDATA[Photo-hiding app disguised as calculator disappears from App Store following police investigation… #URL#]]></document>
    <document><![CDATA[Bloomberg: Facebook to design its own processors for smart speakers &amp; more #URL# Amid ongoing pri… #URL#]]></document>
    <document><![CDATA[Supreme Court rules for Colorado baker in same-sex wedding cake case #URL# Washington: The Suprem… #URL#]]></document>
    <document><![CDATA[Google Chrome for iOS adds support for exporting all of your saved passwords #URL# After rolling… #URL#]]></document>
  </documents>
</author>
