<author lang="en">
  <documents>
    <document><![CDATA[6 Home Studio Essentials That Beginners Should Start With  #URL#]]></document>
    <document><![CDATA[How Technology Revolutionized the Field of Medicine #URL#]]></document>
    <document><![CDATA[Lady Gaga’s Latest Jaw-Dropping Red Carpet Look Is Absolutely Legendary #URL#]]></document>
    <document><![CDATA[Self-Love Lessons To Teach Our Daughters #URL#]]></document>
    <document><![CDATA[Grilled Eggplant &amp; Peach Caprese Salad #URL#]]></document>
    <document><![CDATA[9 Cheap Ways to Celebrate Christmas with Kids #URL#]]></document>
    <document><![CDATA[How Women Can Build The Confidence #URL#]]></document>
    <document><![CDATA[Instagram celeb shares 3 tips to get stunning photos! #URL#]]></document>
    <document><![CDATA[Finland Wants To Pay You To Travel There And Explore Their Country This Summer #URL#]]></document>
    <document><![CDATA[TOP 25 Hairstyles Tutorials Compilation 2018 #URL#]]></document>
    <document><![CDATA[Top 4 things to do at the Grand Canyon   #URL#]]></document>
    <document><![CDATA[7 Best Wedding Décor Ideas You Must Do #URL#]]></document>
    <document><![CDATA[5 Secrets to Have a Clean Home #URL#]]></document>
    <document><![CDATA[Key Facts About Tote Bags #URL#]]></document>
    <document><![CDATA[Michael Phelps Opens Up About How Therapy Improved His Life #URL#]]></document>
    <document><![CDATA[Sarah Jessica Parker slams tabloid for penning false story about her marriage #URL#]]></document>
    <document><![CDATA[This 300-km Trail In Nova Scotia Is The Most Breathtaking Drive You’ll Ever Go On #URL#]]></document>
    <document><![CDATA[Top 5 Contact Lenses For Boys And Girls #URL#]]></document>
    <document><![CDATA[Look Glam Without a Damn #URL#]]></document>
    <document><![CDATA[How To Find A Therapist Online  #URL#]]></document>
    <document><![CDATA[Energy Drinks Mixed With Alcohol Are Causing Massive Liver Problems  #URL#]]></document>
    <document><![CDATA[A Quick Guide To 3 Great Gifts Every Foodie Needs In Their Kitchen #URL#]]></document>
    <document><![CDATA[24 Things Men Will Never Understand About Women #URL#]]></document>
    <document><![CDATA[5 of the most important things to remember when shopping ethically   #URL#]]></document>
    <document><![CDATA[Marinated Pepper Salad with Basil, Capers &amp; Pecorino #URL#]]></document>
    <document><![CDATA[Simple Ways to Command Any Conversation You Hold #URL#]]></document>
    <document><![CDATA[6 Things Do When You Get Into An Accident  #URL#]]></document>
    <document><![CDATA[13 Incredibly Weird Deaths That Actually Happened #URL#]]></document>
    <document><![CDATA[What Your Headaches Are Telling You About Your Health #URL#]]></document>
    <document><![CDATA[5 Tips for an Awesome Van Road Trip #URL#]]></document>
    <document><![CDATA[Hottest Makeup Trends of the 1990s #URL# #URL#]]></document>
    <document><![CDATA[Easy Hair Style for Long Hair]]></document>
    <document><![CDATA[Indoor Playground Games and Events for Kids in Singapore #URL#]]></document>
    <document><![CDATA[4 Good Foods You Should Include In Your Diet To Improve Your Digestion  #URL#]]></document>
    <document><![CDATA[Lisa Kudrow was ‘always sick’ as she starved herself for Friends #URL#]]></document>
    <document><![CDATA[A Bad Night Of Sleep Might Have This Weird Effect On Your Body, According To A New Study #URL#]]></document>
    <document><![CDATA[9 Ridiculously Accurate Signs You Grew Up On The West Coast #URL#]]></document>
    <document><![CDATA[Rory Brown, Lifestyle Blogger, Shares 7 Tips to Boost Your Energy Levels  #URL#]]></document>
    <document><![CDATA[Best Skincare Routine in Existence! #URL#]]></document>
    <document><![CDATA[5 Signs You’re Spending Too Much Time With Your Partner #URL#]]></document>
    <document><![CDATA[Are Tights and Pantyhose In Style? #URL#]]></document>
    <document><![CDATA[Top 4 Hot Springs in US #URL#]]></document>
    <document><![CDATA[9 Exotic Cat Breeds You May Have Never Seen Before #URL#]]></document>
    <document><![CDATA[The Best Late-Night Snacks, According To Nutritionists #URL#]]></document>
    <document><![CDATA[9 Coolest Places In The World To Visit #URL#]]></document>
    <document><![CDATA[How to Order Steak Like a Pro #URL#]]></document>
    <document><![CDATA[Why To Make The Switch From Coffee To Tea #URL#]]></document>
    <document><![CDATA[The Desert Bird Cocktail Recipe #URL#]]></document>
    <document><![CDATA[This Is Going To Be The Popular Heel Height To Wear This Fall #URL#]]></document>
    <document><![CDATA[14 Most Common Cancers Affecting Americans #URL#]]></document>
    <document><![CDATA[Charlize Theron: ‘I’m looking for a man that can grow a good beard’ #URL#]]></document>
    <document><![CDATA[8 Ways to Squeeze Fitness Into Your Day #URL#]]></document>
    <document><![CDATA[This Is How Much Water You Should Really Drink In The Summer #URL#]]></document>
    <document><![CDATA[25 Of Lady Gaga’s Most Memorable Red Carpet Moments Ever #URL#]]></document>
    <document><![CDATA[5 Easiest Ways To Work Out When You’re Too Busy #URL#]]></document>
    <document><![CDATA[What Men Should Know When Wearing Jewelry #URL#]]></document>
    <document><![CDATA[10 Ways To Practice Self-Care When You’re On A Budget #URL#]]></document>
    <document><![CDATA[3 Methods To Protect Your Brain From Memory Loss #URL#]]></document>
    <document><![CDATA[How To Be A Successful Digital Marketer #URL#]]></document>
    <document><![CDATA[Bucket List Cruises You Have To Take #URL#]]></document>
    <document><![CDATA[What Can You Expect From A Rehabilitation Center? #URL#]]></document>
    <document><![CDATA[Best Shoes for Flat Foot Runners #URL#]]></document>
    <document><![CDATA[10 Ways to Turn Your Hobby into a Career #URL#]]></document>
    <document><![CDATA[Underground Elephant Details Student Driver Discounts on Car Insurance  #URL#]]></document>
    <document><![CDATA[6 Top Tips for Deciding What to Wear for a First Date  #URL#]]></document>
    <document><![CDATA[Start your organization with the WIZT home inventory app! #URL#]]></document>
    <document><![CDATA[Tips for Cooking with Tomatoes #URL#]]></document>
    <document><![CDATA[Top 10 Things to Do With Leather-Bound Journal #URL#]]></document>
    <document><![CDATA[6 Weird Things That Happen To Your Body When You Start Eating Healthy #URL#]]></document>
    <document><![CDATA[Beginner’s Guide to choosing Health Insurance #URL#]]></document>
    <document><![CDATA[This App Is Changing The Way We Network #URL#]]></document>
    <document><![CDATA[These 3 Zodiac Signs Are The Most Psychic &amp; Their Sixth Sense Is On Point #URL#]]></document>
    <document><![CDATA[12 Foods That Give Your Hair, Skin, and Nails a Boost #URL#]]></document>
    <document><![CDATA[Which is More Important, Sleep or Exercise? #URL#]]></document>
    <document><![CDATA[My Best Paint Sprayers And Tools That Support The Painting #URL#]]></document>
    <document><![CDATA[Sous Vide Cooking At Home #URL#]]></document>
    <document><![CDATA[How to Maintain a Healthy Routine this Holiday Season #URL#]]></document>
    <document><![CDATA[The Secret to Getting the Look of Wood Cabinetry Without Breaking the Bank #URL#]]></document>
    <document><![CDATA[3 Reasons UK Athletes Are Turning to CBD #URL#]]></document>
    <document><![CDATA[These Are The 10 Best Cities In The World For Foodies #URL#]]></document>
    <document><![CDATA[Gabriel Patterson, Winnipeg Personal Trainer on Avoiding Workout Injuries #URL#]]></document>
    <document><![CDATA[8 Useful Tips For Planning Your First Bleisure Trip   #URL#]]></document>
    <document><![CDATA[KOH SAMUI: Thailand’s Jewel In The Crown  #URL#]]></document>
    <document><![CDATA[Identical Twin Sisters Married Identical Twin Brothers #URL#]]></document>
    <document><![CDATA[Breakthrough discovery in the battle against the herpes simplex virus #URL#]]></document>
    <document><![CDATA[12 Food Ideas That Your Kids Will Love #URL#]]></document>
    <document><![CDATA[A Quick Guide To Choosing Gifts For Millennials #URL#]]></document>
    <document><![CDATA[Mumbai: The City Which Never Sleeps #URL#]]></document>
    <document><![CDATA[3 Aspects You Should Consider When Picking A Fostering Agency #URL#]]></document>
    <document><![CDATA[10 Best Christmas Books for Children #URL#]]></document>
    <document><![CDATA[Greek Yogurt Potato Salad Recipe #URL#]]></document>
    <document><![CDATA[What to Bring With You When Getting Your Taxes Done #URL#]]></document>
    <document><![CDATA[A Hello Kitty-Themed Airline Really Exists And Here’s What It’s Like To Be A Passenger #URL#]]></document>
    <document><![CDATA[Discover the Flavours of Mumbai’s Streets #URL#]]></document>
    <document><![CDATA[13 Hacks That Will Force You To Drink More Water Each Day #URL#]]></document>
    <document><![CDATA[Hardwood Floor Designs Ideas For Home #URL#]]></document>
    <document><![CDATA[Some Common Household Problems Faced During Winters #URL#]]></document>
    <document><![CDATA[Top 7 Plus Size Winter Collection for Women  #URL#]]></document>
    <document><![CDATA[Top fragrances to buy on express store #URL#]]></document>
    <document><![CDATA[5 Ways to Kick Back and Relax in Busy, Bustling Hong Kong #URL#]]></document>
  </documents>
</author>
