<author lang="en">
  <documents>
    <document><![CDATA[QUIZ: How well do you know this old Panic! At The Disco? Let us know your scores! #URL# #URL#]]></document>
    <document><![CDATA[Hayley Williams confirms there will be Paramore shows in the future. Here's what she said: #URL# #URL#]]></document>
    <document><![CDATA[Hayley Williams revealed why her upcoming solo album is called 'Petals For Armor'  #URL# #URL#]]></document>
    <document><![CDATA[Hayley Williams has performed 'Simmer' and a cover of Dua Lipa's 'Don't Start Now' live. Watch both videos here:… #URL#]]></document>
    <document><![CDATA[RT #USER#: Now doesn’t that just warm your emo heart   #HASHTAG# #HASHTAG#]]></document>
    <document><![CDATA[Bring Me The Horizon, YUNGBLUD, Palaye Royale and many more have been announced for a festival… #URL#]]></document>
    <document><![CDATA[My Chemical Romance have reached a huge milestone with their album 'The Black Parade'. Details:… #URL#]]></document>
    <document><![CDATA[RT #USER#: #USER# this was my favourite song for a solid year #URL#]]></document>
    <document><![CDATA[Netflix has announced the third season for 'Sex Education'  #URL# #URL#]]></document>
    <document><![CDATA[Hayley Williams has performed 'Simmer' and a cover of Dua Lipa's 'Don't Start Now' live. Watch both videos here:… #URL#]]></document>
    <document><![CDATA[LIVE REVIEW: Sabaton played an absolutely STUNNING show in Amsterdam this fine evening with #USER# &amp;… #URL#]]></document>
    <document><![CDATA[Billie Eilish has established a new record with the release of the new Bond theme song 'No Time To Die'… #URL#]]></document>
    <document><![CDATA[QUIZ: How well do you know this old Panic! At The Disco track? Let us know your scores! #URL# #URL#]]></document>
    <document><![CDATA[Hayley Williams has performed 'Simmer' and a cover of Dua Lipa's 'Don't Start Now' live. Watch both videos here:… #URL#]]></document>
    <document><![CDATA[Twenty One Pilots, Melanie Martinez and more have been announced for a festival. Check out the line-up here:… #URL#]]></document>
    <document><![CDATA[My Chemical Romance received a warm welcome back to their home state. Check the details here:… #URL#]]></document>
    <document><![CDATA[Netflix has announced the third season for 'Sex Education'  #URL# #URL#]]></document>
    <document><![CDATA[New Found Glory and Simple Plan have announced a co-headliner tour together with Knuckle Puck as support… #URL#]]></document>
    <document><![CDATA[What is the first next concert you have planned, and when?!]]></document>
    <document><![CDATA[RT #USER#: **MY CHEMICAL ROMANCE SHIRT GIVEAWAY** We are giving away a brand new My Chemical Romance shirt! This is how you win:  1.…]]></document>
    <document><![CDATA[Melanie Martinez tonight! What an incredible show #USER# #URL#]]></document>
    <document><![CDATA[Are you going to the tour? Prepare for it with this fun My Chemical Romance quiz! #HASHTAG# #HASHTAG#… #URL#]]></document>
    <document><![CDATA[Netflix has announced the third season for 'Sex Education'  #URL# #URL#]]></document>
    <document><![CDATA[BRAND NEW QUIZ: Which member of Twenty One Pilots are you?! Take the quiz and find out! #URL# #URL#]]></document>
    <document><![CDATA[QUIZ: How well do you know this old Panic! At The Disco? Let us know your scores! #URL# #URL#]]></document>
    <document><![CDATA[RT #USER#: #USER# I'm fine. 😢🤣 #URL#]]></document>
    <document><![CDATA[QUIZ: How well do you know Panic! At The Disco's most recent album?! Take the quiz and find out!… #URL#]]></document>
    <document><![CDATA[My Chemical Romance have reached a huge milestone with their album 'The Black Parade'. Details:… #URL#]]></document>
    <document><![CDATA[Billie Eilish has established a new record with the release of the new Bond theme song 'No Time To Die'… #URL#]]></document>
    <document><![CDATA[Ashley Purdy has released a new song! #USER#  #URL# #URL#]]></document>
    <document><![CDATA[NEW QUIZ: Which member of Twenty One Pilots are you?! Take the quiz and find out! #URL# #URL#]]></document>
    <document><![CDATA[New Found Glory and Simple Plan have announced a co-headliner tour together with Knuckle Puck as support… #URL#]]></document>
    <document><![CDATA[RT #USER#: TY TY TY TY]]></document>
    <document><![CDATA[In honour of us seeing Melanie Martinez tonight, how well do you know her latest record? Let us know!… #URL#]]></document>
    <document><![CDATA[Tyler Joseph's brother Zack has a secret vocal feature in one of Twenty One Pilots' tracks from 'Trench'. Check out… #URL#]]></document>
    <document><![CDATA[My Chemical Romance have reached a huge milestone with their album 'The Black Parade'. Details:… #URL#]]></document>
    <document><![CDATA[BREAKING: My Chemical Romance have just added another show to their summer tour! #URL# #URL#]]></document>
    <document><![CDATA[My Chemical Romance have reached a huge milestone with their album 'The Black Parade'. Details:… #URL#]]></document>
    <document><![CDATA[Hayley Williams has performed 'Simmer' and a cover of Dua Lipa's 'Don't Start Now' live. Watch both videos here:… #URL#]]></document>
    <document><![CDATA[ICYMI: My Chemical Romance have just added another show to their summer tour! #URL# #URL#]]></document>
    <document><![CDATA[Yungblud has revealed when we can expect a new album, shares that a new single is coming very soon… #URL#]]></document>
    <document><![CDATA[Reading &amp; Leeds festival have announced a lot of names for the 2020 edition, including the headliners!… #URL#]]></document>
    <document><![CDATA[RT #USER#: NO /YOU’RE/ LOVELY 💕 #URL#]]></document>
    <document><![CDATA[RT #USER#: #USER# im not even surprised #URL#]]></document>
    <document><![CDATA[Melanie Martinez performing her new song ‘Copy Cat’ #URL#]]></document>
    <document><![CDATA[RT #USER#: my bank account says no]]></document>
    <document><![CDATA[RT #USER#: I think I got Josh just because I put "pizza" instead of "Mac and cheese" when the quiz asked me about food #URL#…]]></document>
    <document><![CDATA[Melanie Martinez has released a collaborative new song &amp; revealed when the ‘After School’ EP is releasing… #URL#]]></document>
    <document><![CDATA[Soo.... how similar is our music taste?  10% My Chemical Romance 10% Grandson  10% Dance Gavin Dance 10% Waterparks… #URL#]]></document>
    <document><![CDATA[Yungblud has revealed when we can expect a new album, shares that a new single is coming very soon… #URL#]]></document>
    <document><![CDATA[Green Day, Fall Out Boy and Weezer have announced more dates for their Hella Mega tour #URL# #URL#]]></document>
    <document><![CDATA[My Chemical Romance have reached a huge milestone with their album 'The Black Parade'. Details:… #URL#]]></document>
    <document><![CDATA[Melanie Martinez has released a collaborative new song &amp; revealed when the ‘After School’ EP is releasing… #URL#]]></document>
    <document><![CDATA[What is the ultimate Valentine's Day song?  #HASHTAG#]]></document>
    <document><![CDATA[RT #USER#: #USER# heck yeah i got joshua 🥺 yesterday was my three year anniversary of seeing them live and i miss them so…]]></document>
    <document><![CDATA[NEW QUIZ: Which member of Twenty One Pilots are you?! Take the quiz and find out! #URL# #URL#]]></document>
    <document><![CDATA[Green Day, Fall Out Boy and Weezer have announced more dates for their Hella Mega tour #URL# #URL#]]></document>
    <document><![CDATA[My Chemical Romance have reached a huge milestone with their album 'The Black Parade'. Details:… #URL#]]></document>
    <document><![CDATA[What is currently your favourite album?!]]></document>
    <document><![CDATA[Billie Eilish has established a new record with the release of the new Bond theme song 'No Time To Die'… #URL#]]></document>
    <document><![CDATA[RT #USER#: #USER# I got Josh!! I’ll take that]]></document>
    <document><![CDATA[Reading &amp; Leeds festival have announced a looot of names for the 2020 edition!  #URL# #URL#]]></document>
    <document><![CDATA[Yungblud has revealed when we can expect a new album, shares that a new single is coming very soon… #URL#]]></document>
    <document><![CDATA[LIVE REVIEW: We saw the incredible Waterparks live last night and what a night we had. Check out the photos from th… #URL#]]></document>
    <document><![CDATA[Melanie Martinez has released a collaborative new song &amp; revealed when the ‘After School’ EP is releasing… #URL#]]></document>
    <document><![CDATA[Yungblud has revealed when we can expect a new album, shares that a new single is coming very soon… #URL#]]></document>
    <document><![CDATA[Panic! At The Disco, Fall Out Boy and more have been nominated for the Kids' Choice Awards #URL# #URL#]]></document>
    <document><![CDATA[Reading &amp; Leeds festival have announced a lot of names for the 2020 edition, including the headliners!… #URL#]]></document>
    <document><![CDATA[RT #USER#: THAT'S MY BABY!!! #URL#]]></document>
    <document><![CDATA[QUIZ: How well do you know YUNGBLUD's debut record? Let us know your scores! #URL# #URL#]]></document>
    <document><![CDATA[QUIZ: How well do you know Panic! At The Disco's most recent album?! Take the quiz and find out!… #URL#]]></document>
    <document><![CDATA[LIVE REVIEW: Melanie Martinez #USER# played her biggest show in The Netherlands yet last night and we were th… #URL#]]></document>
    <document><![CDATA[Billie Eilish has established a new record with the release of the new Bond theme song 'No Time To Die'… #URL#]]></document>
    <document><![CDATA[My Chemical Romance were welcomed back in their home state New Jersey with billboards. Check the details here:… #URL#]]></document>
    <document><![CDATA[QUIZ: How well do you know Panic! At The Disco's music videos? Let us know! #URL# #URL#]]></document>
    <document><![CDATA[LIVE REVIEW: The Maine visited Europe on their ‘Mirror’ tour and we took some shots to give you an impression of it… #URL#]]></document>
    <document><![CDATA[Hayley Williams has performed 'Simmer' and a cover of Dua Lipa's 'Don't Start Now' live. Watch both videos here:… #URL#]]></document>
    <document><![CDATA[QUIZ: How well do you know this Bring Me The Horizon record? Let us know your scores! #URL# #URL#]]></document>
    <document><![CDATA[Reading &amp; Leeds festival have announced a lot of names for the 2020 edition, including the headliners!… #URL#]]></document>
    <document><![CDATA[QUIZ: How well do you know this Bring Me The Horizon record? Let us know your scores! #URL# #URL#]]></document>
    <document><![CDATA[RT #USER#: #USER# #USER# I/we am/are #HASHTAG# and so r u. There's no wrong answer here, but I did get #USER#…]]></document>
    <document><![CDATA[Green Day, Fall Out Boy and Weezer have announced more dates for their Hella Mega tour #URL# #URL#]]></document>
    <document><![CDATA[New Found Glory and Simple Plan have announced a co-headliner tour together with Knuckle Puck as support… #URL#]]></document>
    <document><![CDATA[RT #USER#: I don't care who I get because they are both are such amazing human beings ||-//]]></document>
    <document><![CDATA[QUIZ: How well do you know YUNGBLUD's debut record? Let us know your scores! #URL# #URL#]]></document>
    <document><![CDATA[My Chemical Romance have reached a huge milestone with their album 'The Black Parade'. Details:… #URL#]]></document>
    <document><![CDATA[Netflix has announced the third season for 'Sex Education'  #URL# #URL#]]></document>
    <document><![CDATA[Fans have re-discovered an old Panic! At The Disco demo. Check out the details here: #URL# #URL#]]></document>
    <document><![CDATA[QUIZ: How well do you know YUNGBLUD's debut record? Let us know your scores! #URL# #URL#]]></document>
    <document><![CDATA[RT #USER#: Tickets on sale the 19th of February. Are you going?!  #HASHTAG# #HASHTAG# #URL#]]></document>
    <document><![CDATA[Green Day, Fall Out Boy and Weezer have announced more dates for their Hella Mega tour #URL# #URL#]]></document>
    <document><![CDATA[ICYMI: My Chemical Romance have added another show to their summer tour! #URL# #URL#]]></document>
    <document><![CDATA[Tyler Joseph's brother Zack has a secret vocal feature in one of Twenty One Pilots' tracks from 'Trench'. Check out… #URL#]]></document>
    <document><![CDATA[How similar is our taste in music? (pt 2.)  10% Yungblud 10% Fall Out Boy 10% Sleeping With Sirens 10% All Time Low… #URL#]]></document>
    <document><![CDATA[NEW QUIZ: Which member of Twenty One Pilots are you?! Take the quiz and find out! #URL# #URL#]]></document>
    <document><![CDATA[Melanie Martinez has added a leg to her 'K-12' world tour #URL# #URL#]]></document>
    <document><![CDATA[RT #USER#: surprised i did this well considering i haven’t listened to panic in a good while #URL# #URL#…]]></document>
    <document><![CDATA[BRAND NEW QUIZ: Which member of Twenty One Pilots are you?! Take the quiz and find out! Quiz made by our lovely new… #URL#]]></document>
    <document><![CDATA[Paramore's Hayley Williams has released her first solo EP!  #URL# #URL#]]></document>
    <document><![CDATA[Melanie Martinez has added a leg to her 'K-12' world tour #URL# #URL#]]></document>
  </documents>
</author>
